id,advmath8,urban,region,gender,famsize,parmarl8,homelang,slfcnc08,slfcnc10,slfcnc12,schtyp8,tcherint,late12,cuts12,absent12,approg,hwkin12,hwkout12,excurr12,computer,hsprog,unitengl,unitmath,unitcalc,schattrt,apoffer,nursery,algebra8,numinst,edexpect,expinc30,achrdg08,achmat08,achsci08,achsls08,achrdg10,achmat10,achsci10,achsls10,achrdg12,achmat12,achsci12,achsls12,cigarett,alcbinge,marijuan,ses
1,1,1,1,0,4,2,4,27,22,36,2,2,3,0,2,1,2,3,5,1,2,4,3,1,94,6,1,0,1,4,55000,41.94,47.44,37.83,57.4,41.49,55.23,40.69,55.84,52.56,59.69,47.81,55.23,0,1,0,23
2,NA,1,1,1,7,6,4,29,23,22,2,2,0,0,1,1,4,3,6,0,2,4,4,0,94,6,1,1,2,3,50000,53.86,54.49,43.89,60.99,48.7,53.25,38.09,51.45,53.12,55.36,44.86,61.19,0,0,0,20
3,0,2,2,0,4,6,4,17,19,33,2,2,3,2,2,1,2,2,0,0,2,4,3,0,97,2,1,0,1,1,35000,53.06,58.05,53.64,50.62,56.94,55.24,50.31,45.26,54.79,56.73,45.78,45.34,1,1,1,20
4,0,1,2,1,3,6,4,18,21,29,3,2,0,0,1,0,3,3,1,0,2,4,3,0,97,5,1,0,1,2,24000,41.86,43.09,45.4,40.69,42.64,52.18,43.42,45.12,44.77,51.08,39.23,35.22,0,0,1,29
5,1,1,2,0,4,6,4,32,35,41,3,1,1,0,1,1,1,3,2,1,1,4,4,0,97,5,1,1,1,3,60000,67.97,64.91,68.28,50.42,63.29,58.64,63.9,67.21,61.99,55.75,66.78,65.25,0,1,1,21
6,0,1,2,1,4,6,4,9,16,27,3,2,3,0,1,1,4,5,0,0,2,4,4,0,97,5,0,1,1,4,25000,62.84,61.04,53.38,54.42,65.66,65.51,61.55,63.37,65.02,61.82,61.97,62.77,1,1,1,20
7,1,1,2,1,4,NA,4,20,26,33,3,1,1,0,1,0,8,6,7,0,2,3,4,0,97,5,NA,NA,1,2,28000,64.53,66.62,62.79,56.47,63.43,64.75,69.23,66.5,60.49,63.03,64.01,61.02,0,0,0,19
8,1,1,2,1,3,6,4,32,28,43,2,1,0,0,1,1,8,8,4,1,2,4.5,5,0,95,6,1,1,1,3,30000,70.55,55.02,58.83,52.93,63.86,56.25,49.5,49.63,64.59,48.74,50.01,48.79,0,0,0,20
9,1,1,2,1,5,6,4,23,21,29,2,2,0,0,2,0,1,8,0,1,4,4.5,3,0,NA,NA,0,1,2,2,25000,56.9,55.53,47.51,44.06,62.38,55.62,47.22,47.97,58.11,55.58,53.24,59.18,0,0,0,18
10,0,1,2,0,5,6,4,30,33,41,2,1,0,0,2,0,2,2,2,1,2,4,4,0,97,0,0,0,1,4,30000,56.02,58.93,69.31,64.68,66,61.4,62.59,68.83,60.36,61,64.51,66.05,0,0,0,29
11,0,2,2,0,5,6,4,26,19,29,2,2,1,0,1,0,2,1,1,0,4,3,2,0,95,0,NA,0,2,1,40000,51.89,50.8,54.17,59.45,61.63,59.42,63,59.32,47.41,57.53,58.02,64.3,0,1,0,13
12,0,1,2,1,9,6,2,13,15,17,1,2,1,0,3,0,2,3,1,0,2,5,4,0,84,0,NA,0,2,2,NA,40.7,38.38,36.43,44.68,46.24,36.31,37,46.08,41.74,35.25,39.45,40.56,0,0,0,6
13,1,2,2,1,5,6,3,27,28,40,1,3,0,0,1,1,4,2,3,0,2,3,4,0,96,0,0,0,1,4,20000,58.4,56.68,55.31,48.76,51.57,56.74,58.13,48.79,55.25,60.18,53.2,57.08,0,1,1,8
14,1,2,2,1,5,6,3,30,31,41,1,2,0,0,0,1,5,8,3,0,1,5,4.5,1,NA,4,1,1,1,3,30000,66.5,54.7,64.78,59.68,60.73,55.78,66.98,59.04,64.83,61.27,64.07,64.81,0,0,0,24
15,0,2,2,0,3,6,4,20,21,20,1,3,2,1,0,1,3,2,0,1,1,4,3.5,0,NA,4,1,0,1,4,25000,41.15,47.02,40.88,46.78,47.35,49.13,56.54,51.6,53.78,48.39,50.03,60.06,0,0,1,17
16,0,2,2,1,4,1,4,19,12,9,1,2,1,0,2,0,3,0,3,1,2,4,3,0,88,4,NA,0,2,1,35000,51.39,54.75,51.63,58.61,55.85,52.84,48.06,55.61,51.34,50.27,48.21,55.86,0,0,0,18
17,1,1,2,1,4,NA,4,30,33,29,1,2,4,1,1,1,7,6,2,0,2,4,3.5,0,91,32,NA,NA,1,2,25000,60.46,63.94,51.64,54.02,56.34,62.74,44.96,46.46,60.3,61.75,58.69,51.73,0,0,0,17
18,0,3,2,1,4,NA,4,27,21,29,1,2,1,0,2,0,3,3,4,0,2,4,4,0,96,32,NA,NA,1,4,60000,51.96,51.36,55.97,61.77,63.72,61.25,54,59.15,57.97,64.09,49.97,55.77,0,0,0,6
19,0,3,2,0,7,6,4,27,28,43,1,2,0,1,4,0,4,2,2,0,2,4,4,0,96,32,NA,0,1,4,35000,64.35,60.29,74.29,66.38,66,55.47,69.51,72.89,62.24,59.08,68.29,67.38,0,0,0,15
20,0,3,2,1,5,6,4,17,21,27,1,1,1,0,3,0,4,6,5,1,2,4,3,0,96,32,0,0,1,1,35000,56.7,47.79,54.68,58.73,54.59,53.07,60.02,52.75,52.29,49.73,55.26,49.3,0,0,0,26
21,1,1,2,1,4,6,4,20,15,21,1,1,4,5,1,1,3,3,1,0,1,4.5,3.5,0,90,2,0,1,4,3,50000,58.63,58.56,58.37,53.04,44.05,54.25,45.09,43.14,58.45,54.76,58.86,49.03,0,0,0,18
22,0,3,2,1,6,6,4,17,27,25,1,2,0,0,1,0,3,2,3,0,2,4.5,2.5,0,96,NA,0,0,2,2,22000,57.31,44.11,55.4,64.95,63.84,43.97,49.66,54.94,56.91,51.19,58.28,56.28,0,0,0,10
23,0,3,2,1,3,1,4,17,27,40,1,2,0,0,3,0,3,3,2,0,3,4.5,2,0,96,NA,0,0,2,2,30000,60.16,54.74,53.34,60.98,58.74,49.91,46.59,59.98,58.96,49.84,51.62,61.22,0,1,0,18
24,1,3,2,0,4,6,4,30,33,43,1,2,0,1,2,0,7,5,4,1,1,4,4,0,95,0,1,1,1,4,80000,67.63,74.29,73.04,66.44,64.6,68.19,68.26,70.84,61.21,66.48,68.53,60.65,0,1,0,22
25,1,3,2,1,4,6,4,25,35,41,1,2,0,0,1,1,2,3,2,0,1,4,4,0,95,0,0,1,1,3,30000,47.81,48.96,40.33,42.78,50.19,53.61,44.54,55.3,59.12,54.33,39.82,56.08,0,0,0,9
26,NA,3,2,1,6,6,4,27,18,40,1,2,0,0,1,0,5,3,3,1,2,4.5,2.5,0,89,15,1,0,2,2,30000,59.84,49.4,56.06,55.43,49.81,46.53,61.3,46.38,54.15,43.28,54.29,49.38,1,0,0,11
27,1,3,2,1,4,6,4,18,22,32,1,3,0,1,0,0,2,2,2,0,2,4.5,3.5,0,96,6,NA,0,1,3,35000,44.33,44,43.94,58.21,45.12,48.6,50.4,57.93,45.31,46.07,50.26,54.86,0,0,0,8
28,1,3,2,1,6,6,4,15,17,25,1,2,0,0,1,1,2,3,2,0,2,4,2,0,97,3,0,1,1,2,37000,47.74,50.11,54.32,59.6,50.72,55.67,54.2,50.89,52.11,53.26,53.43,59.42,0,0,0,12
29,0,2,2,0,4,6,4,22,27,25,1,2,1,0,2,1,3,4,3,0,4,4.5,2,0,95,1,1,0,2,3,40000,61.91,50.78,62.62,52.36,56.07,50.08,62.52,58.67,60.38,54.39,56.79,56.53,0,0,0,19
30,0,1,2,0,3,6,4,30,33,43,1,2,2,2,1,1,2,4,5,0,2,5.5,4,0,82,0,1,NA,1,2,40000,65.81,55.94,59.57,55.73,58.43,55.75,41.14,47.84,51.35,55,53.24,54.92,0,0,0,8
31,0,2,2,1,6,6,2,19,29,29,1,2,1,0,0,1,3,3,0,1,2,4,4,0,95,10,NA,0,1,4,70000,52.59,44.41,43.01,54.27,43.97,53.73,42.34,42.46,45.64,52.39,44.33,51.88,0,0,0,23
32,0,2,2,0,8,6,4,23,19,25,1,2,1,0,1,0,5,4,0,1,2,4,4,0,95,10,1,0,1,2,35000,37.29,45.81,42.23,58.19,44.18,56.54,56.48,43.36,44.27,53.38,52.95,52.01,0,0,0,20
33,1,3,2,1,6,6,4,20,22,34,1,2,1,0,1,0,3,2,2,0,1,4.5,4,0,96,0,0,1,1,2,50000,65.35,57.44,60.97,61.98,60.3,59.1,62.98,58.73,59.69,54.98,61.2,61.8,0,0,0,10
34,0,3,2,1,5,6,4,1,9,25,1,2,4,0,1,0,4,4,4,0,1,4.5,4,0,96,0,0,1,1,3,NA,70.55,65.68,65.09,72.57,67.86,59.75,62.84,66.12,66.15,56.6,59.66,68.47,0,0,0,20
35,0,2,2,0,5,6,4,18,21,31,1,2,2,1,1,1,1,1,3,0,1,4,3,0,92,0,1,1,1,3,35000,40.31,52.15,58.28,49.42,47.37,53.25,57.6,56.49,51.95,54.52,49.42,63.93,0,1,1,30
36,1,3,2,0,5,6,4,22,25,43,1,2,1,0,2,1,3,0,1,1,2,3,3,0,97,6,1,1,1,2,60000,60.79,68.61,71.32,61.8,63.5,69.97,60.82,53.26,56.19,70.94,66.74,63.24,0,1,0,17
37,0,3,2,1,5,6,4,28,21,43,1,2,0,0,2,0,5,8,4,0,3,4,4,0,97,6,1,0,1,3,50000,46.14,58.38,46.68,52.89,44.14,57.37,45.45,41.86,53.51,54.48,46.65,45.85,0,0,0,26
38,0,2,2,1,4,6,4,17,18,29,1,3,0,0,2,0,2,2,0,1,1,4.5,4,0,NA,4,1,0,2,3,30000,57.81,44,45.85,50.08,48.3,47.02,49.76,46.38,56.38,50.59,52.66,51.13,0,1,1,19
39,1,2,2,1,4,6,4,25,18,30,1,3,2,0,3,1,2,2,0,0,2,4,3.5,0,NA,0,1,1,1,1,NA,49.74,42.96,44.82,48.76,48.32,43.1,49,43.38,48,40.65,46.12,40.53,1,0,1,14
40,1,2,2,1,6,6,1,20,25,40,1,2,5,3,2,1,6,7,1,1,2,5,4,1.5,NA,0,1,1,2,3,50000,46.18,73.8,54.29,54.94,38.22,62.12,54.7,50.34,50.5,64.3,59.49,55.69,0,0,0,6
41,0,2,2,1,9,6,4,10,17,27,1,1,4,2,3,0,6,1,2,0,4,3,3,0,96,2,0,1,2,3,30000,53.05,39.29,47.67,44.53,53.27,42.78,44.34,40.45,52.61,56.5,55.31,58.65,0,0,0,18
42,0,2,2,0,4,6,4,15,21,31,1,4,0,0,1,1,5,5,3,1,2,4.5,4,0,95,4,0,0,1,4,40000,40.38,56.85,59.62,47.59,45.6,54.12,62.37,50.62,31.76,49.8,49.56,53.32,0,0,0,20
43,1,2,2,0,5,6,4,29,35,38,1,1,2,0,2,1,5,5,1,1,1,4,4.5,0.5,95,4,1,1,2,3,45000,50.3,50.22,58.27,49.44,54.57,57.48,54.27,61,57.12,57.92,60.81,61.6,0,0,0,18
44,0,2,2,0,4,6,4,23,20,26,1,2,3,1,5,0,2,3,1,1,4,4,3,0,94,13,1,0,2,4,50000,55.92,43.82,48.2,57.22,53.18,53.51,50.43,65.64,56.27,50.96,50.96,55.99,1,0,1,25
45,0,2,2,1,4,6,4,7,4,32,1,2,0,0,1,1,3,3,0,0,2,4,3.5,0,NA,0,1,NA,1,3,50000,50.68,44.36,44.7,46.87,56.17,42.99,45.85,48.63,37.33,38.07,36.94,48.63,1,1,1,11
46,0,2,2,1,3,2,2,18,15,31,1,2,1,0,4,1,6,6,2,0,2,4,4,0,94,7,NA,0,1,2,27000,52,53.73,47.83,48.77,49.7,56.72,43.47,50.12,55.34,56.07,51.13,46.84,0,0,0,14
47,1,3,2,1,7,6,4,30,24,34,1,1,0,0,2,1,3,7,2,1,4,1,2.38,0.38,88,0,1,1,1,4,40000,58.49,58.94,58.25,53.59,58.9,63.51,50.55,58.59,65.76,62.1,60.48,59.58,0,0,0,23
48,0,2,2,0,5,6,4,22,32,29,1,2,0,0,4,1,0,6,0,0,2,4.5,4.5,0,95,9,1,0,1,3,35000,58.37,60.51,63.09,67.17,52.58,55.39,51.48,60.68,66.26,61.6,59.59,64.13,0,0,0,21
49,1,2,2,1,5,NA,3,25,25,43,1,2,1,0,2,1,1,5,3,0,2,3.5,3,0.5,92,0,NA,NA,1,3,45000,45,60.01,59.01,50.72,55.46,60.62,56.48,59.08,61.67,59.45,59.99,54.93,1,1,1,13
50,0,3,2,0,4,6,4,15,17,29,1,2,0,0,0,0,3,2,2,0,2,4,4,0,94,12,0,0,1,2,35000,43.63,52.6,61.74,54.27,57.7,56.25,62.38,56.52,58.82,60.98,61.41,61.98,0,0,1,6
51,1,2,2,1,3,6,4,19,24,34,1,2,1,0,3,1,5,6,3,1,2,4.5,4,0,NA,1,1,1,1,3,25000,61.87,54.28,53.99,56.93,58.48,54.12,58.43,59.68,55.45,55.1,52.47,59.6,0,0,0,17
52,0,3,2,0,4,6,4,13,15,27,1,2,0,0,1,0,5,2,0,1,2,4,4,0,92,0,0,0,1,2,35000,53.28,57.33,49.08,63.11,58.4,55.29,57.3,54.48,50.31,57.38,54.58,61.39,0,0,0,21
53,1,3,2,0,4,6,4,28,35,43,1,2,1,1,1,0,2,1,6,0,2,4,2,0,94,1,0,1,1,2,1.00E+05,55.17,61.95,59.77,52.36,57.45,60.07,50.83,52.9,51.2,62.13,48.78,57.44,0,0,0,18
54,0,3,2,0,4,6,4,22,21,29,1,2,0,1,0,0,2,2,0,0,3,4,3,0,94,1,0,0,1,2,35000,52.26,59.6,56.21,66.87,56.71,58.87,67.58,62.51,58.23,56.28,67.54,62.14,0,0,0,17
55,1,2,2,1,9,6,3,24,18,37,1,2,1,0,5,0,1,4,3,1,2,4,4,0,95,NA,1,NA,2,2,40000,55.87,64.85,59.27,53.69,48.7,60.47,58.89,54.76,57.26,62.45,59.07,51.19,0,1,0,15
56,0,1,2,1,5,6,4,13,15,25,1,2,1,1,2,0,3,3,0,1,1,4,3,0,NA,NA,1,0,2,3,36000,56.41,55.79,62.83,49.77,53.47,56.88,61.6,49.48,52.92,53.02,60.83,53.83,1,0,1,26
57,0,3,2,1,4,6,4,14,18,27,1,2,0,0,1,1,7,3,2,1,3,4,2,0,95,1,0,1,1,2,30000,55.66,42.25,50.06,56.9,58.2,44.08,50.9,56.9,61.84,43.14,58.53,57.63,0,0,0,17
58,1,2,2,0,4,6,4,21,18,29,1,2,1,0,1,1,3,3,5,0,2,4.5,4,0,NA,7,1,1,1,3,60000,61.8,69.39,68.04,69.47,62.14,64.79,62.21,63.96,65.34,64.23,63.8,66.89,0,0,0,21
59,0,2,2,1,8,1,4,30,33,43,1,2,0,0,1,0,3,3,0,0,3,3,4,0,93,0,NA,0,1,2,30000,39.77,43.43,59.98,44.86,44.29,54.14,39.24,39.23,38.66,47.59,36.55,42.36,0,0,0,15
60,0,2,2,1,4,6,4,29,28,38,1,3,2,0,1,1,3,2,3,1,2,4.5,4,0,93,0,0,0,1,3,NA,65.69,65.15,59.75,51.21,59.68,62.21,59.51,45.21,56.42,66.11,60.95,47.57,0,0,0,22
61,0,3,2,0,4,6,4,19,25,41,1,2,0,0,0,1,5,7,0,1,1,4,4.5,0,NA,0,1,0,1,3,45000,55.94,70.75,60.16,53.67,62.94,65.4,68.69,66.16,62.92,66.26,64.46,60.65,0,0,0,28
62,0,3,2,0,4,6,4,21,33,43,1,2,0,0,1,0,2,4,1,1,1,4.5,4.5,0,NA,0,0,1,1,2,27000,53.53,50.12,64.61,51.63,67.59,59.45,67.29,64.96,59.34,59.61,63.22,52.43,0,0,0,7
63,1,3,2,0,5,6,4,21,24,24,1,2,0,0,1,1,6,7,4,1,1,4,4.5,0,NA,0,NA,0,1,3,35000,65.94,73.33,74.41,64.35,66.76,68.59,66.41,67.21,66.65,71.12,68.29,65.39,0,0,0,12
64,1,3,2,1,4,6,4,20,19,29,1,1,0,0,0,1,4,7,3,0,1,4,3,0,45,1,1,1,1,4,35000,51.67,45.33,47.96,50.32,45.93,46.44,53.74,48.59,57.24,52.72,49.62,51.1,0,0,0,21
65,0,3,2,1,4,6,4,10,7,25,1,3,1,0,1,NA,4,3,2,0,1,4,4,0,94,0,1,0,1,3,30000,70.55,69.67,73.6,69.17,62.52,69.75,61.2,65.3,62.2,60.82,56.09,61.17,0,0,1,9
66,0,3,2,1,4,6,4,23,18,29,1,2,1,1,1,0,7,2,0,0,3,4,2.5,0,88,0,NA,0,1,1,20000,44.4,40.52,48.79,44.7,41.98,40,49.53,44.33,42.29,37.14,52.65,43.7,0,0,0,15
67,1,3,2,0,4,6,4,17,32,43,1,3,0,0,2,1,3,1,4,0,2,3,4,1,NA,NA,1,1,3,3,40000,54.53,70.04,51.11,52.58,56.83,59.72,48.7,61.25,49.46,61.19,50.27,55.32,0,0,0,27
68,1,2,2,1,7,6,3,28,27,32,1,2,0,0,2,1,1,2,3,0,2,4,4,1,94,3,1,1,1,3,30000,52.85,67.61,66.5,54.9,59.78,68.51,63.13,58.11,57.62,67.5,60.2,62.87,0,0,0,7
69,0,2,2,1,5,6,4,17,18,27,1,2,1,0,2,0,1,1,0,1,1,5.5,3,0,94,3,0,1,2,3,35000,58.71,54.19,50.77,45.69,59.68,54.45,58.8,44.8,46.19,43.37,43.9,49.4,0,0,0,22
70,0,2,2,1,4,6,3,23,35,43,1,2,1,2,3,0,4,3,2,1,2,5,4.5,0,98,8,1,0,1,4,60000,55.23,52.15,49.1,56.09,59.3,51.27,47.86,47.27,53.06,50.65,47.83,49.22,0,0,0,8
71,1,2,2,1,5,6,4,23,32,37,1,2,0,0,2,1,6,5,4,1,1,4,3,0,96,0,NA,1,2,3,50000,48.51,64.69,42.82,49.8,54.16,58.64,49.02,46.16,58.31,56.15,54.65,48.04,0,0,0,11
72,0,3,2,1,5,NA,4,11,18,29,1,2,1,0,2,0,2,3,0,0,1,5,4,0,94,0,1,0,1,2,25000,40,43.61,44.59,47.51,50.86,45.54,53.61,45.85,50.54,47.83,54.75,48.28,0,0,0,13
73,1,2,2,1,4,6,4,18,32,30,1,2,0,0,1,0,8,4,4,0,1,4,4.5,1,NA,0,1,1,1,3,45000,54.72,51.16,48.69,50.25,58.62,50.22,46.79,45.38,46.94,53.79,46.41,42.58,0,0,0,12
74,1,2,2,0,9,NA,3,24,26,35,1,2,3,2,1,1,5,5,2,1,4,3,2,0,NA,0,NA,NA,1,3,30000,39.64,43.99,38.3,34.93,40.88,55.35,56.18,45.87,33.67,55.71,32.63,51.25,1,0,0,10
75,0,2,1,1,6,6,4,15,7,25,2,2,2,2,3,0,3,3,0,1,2,3.5,3,0,95,0,0,0,2,1,60000,54.24,46.55,48.88,47.13,60.06,47.72,50.17,52.58,51.44,42.74,49.13,54.46,1,0,1,15
76,0,2,1,0,6,NA,4,27,26,43,2,1,1,0,2,1,3,6,5,1,2,4.25,4,1,97,7,NA,NA,2,3,70000,60.99,57.04,61.96,62.23,65.39,61.98,60.03,63.19,62.23,63.42,59.17,64.58,0,1,0,21
77,0,2,1,1,4,NA,2,21,24,30,2,3,2,0,1,1,2,4,2,0,2,4,2,0,NA,3,NA,NA,1,2,50000,49.55,52.98,53.73,55.6,60.08,57.5,52.32,58.48,56.91,60.78,49.42,50.46,1,1,0,12
78,0,2,1,1,4,6,4,17,7,16,2,2,2,0,2,0,1,1,2,0,2,3,4,0,95,0,1,0,1,2,43000,66.05,60.31,47.63,48.32,47.92,59.71,55.22,49.3,52.01,58.71,61.1,60.64,1,1,1,22
79,1,2,1,0,2,NA,4,20,33,41,2,2,2,2,0,0,3,2,2,0,2,4,1.75,0,NA,6,NA,NA,1,3,50000,49.04,42.67,49.86,NA,39.47,45.01,45.64,40.38,57.5,40.78,46,48.87,0,0,0,14
80,0,2,1,0,7,NA,2,23,28,27,2,3,1,1,1,0,2,1,0,1,2,3,3,0,94,2,NA,NA,1,2,55000,37.17,46.67,45.9,38.59,42.41,50.83,48.39,50.33,34.71,48.53,50.31,51.71,1,0,1,10
81,1,3,1,1,6,NA,4,19,29,35,2,2,1,0,2,1,2,2,2,0,1,4,5,1,95,4,NA,NA,1,3,35000,70.55,67.23,60.27,67.25,66.02,66.45,58.73,65.09,66.74,63.68,63.14,61.94,0,1,1,18
82,0,2,1,1,3,6,4,21,19,27,2,2,1,0,1,0,1,2,0,0,4,3.25,1,0,95,4,0,0,1,1,20000,38.96,37.14,45.48,45.12,42.13,36.9,37.25,41.81,39.15,34.36,38.76,41.92,0,0,0,16
83,1,2,2,1,4,6,4,17,20,32,2,2,2,0,1,1,5,7,2,0,1,5,3.5,0,96,6,1,1,1,3,50000,42.12,45.86,40.08,47.05,49.17,45.59,48.89,45.91,47.24,47.73,52.78,46.38,0,0,0,15
84,0,3,2,0,5,6,4,20,21,29,2,4,3,4,0,0,5,2,1,0,2,4,3,0,96,6,1,1,1,2,40000,64.4,55.33,61.12,58.23,58.42,56.21,49.69,64.07,59.16,57.13,58.46,57.35,0,1,1,9
85,0,2,1,0,4,6,4,24,19,27,2,2,2,0,2,0,2,2,6,1,1,4,3,0,96,0,1,1,1,2,45000,70.55,48.92,53.33,66.56,66.52,54.67,54.39,57.08,63.08,55.86,53.09,65.39,1,0,1,21
86,0,2,1,1,6,6,4,15,31,29,2,2,1,1,3,1,2,2,2,0,2,4,4.5,0,96,0,NA,0,1,3,50000,65.35,57.97,62.43,56.97,59.49,59.77,61.04,53.52,58.4,62.14,58.4,57.61,0,0,0,22
87,0,3,1,0,4,6,4,30,35,41,2,2,3,0,2,1,3,8,3,0,1,4,4,0,90,0,0,0,1,3,NA,61.42,61.8,63.16,56.93,65.96,64.12,64.56,66.34,66.55,66.87,62.52,64.34,0,0,0,19
88,1,3,1,0,3,6,4,17,21,29,2,2,1,0,1,1,3,0,0,0,1,4,4,0,90,0,0,1,1,2,25000,70.55,62.34,57.11,61.11,65.15,63.06,63.71,63.4,59.22,61.41,63.59,62.32,0,0,0,29
89,0,2,2,0,4,6,4,32,33,43,2,2,0,0,2,1,2,5,4,1,1,4,4,0,94,18,1,0,1,2,20000,52.34,46.3,45.33,48.3,54.18,51.01,56.03,53.9,59.74,59.48,50.59,50.07,0,0,0,13
90,0,2,2,0,4,6,4,25,18,41,2,1,0,0,1,1,6,8,3,1,1,4.5,4,0,96,9,1,0,2,4,80000,64.29,58.76,73.6,71.94,61.9,60.42,66.5,67.74,62.39,67.75,68.29,70.04,0,0,0,28
91,0,3,2,0,6,6,4,23,30,43,2,2,1,0,1,1,6,4,3,0,2,4,4,0,NA,3,1,NA,1,3,32000,52.69,53.68,58.66,58.97,48.11,52.68,58.51,48.59,47.08,61.13,63.29,58.11,0,0,0,19
92,0,2,2,1,5,6,4,19,18,29,2,2,1,1,2,0,3,2,0,0,3,4,2.5,0,97,0,0,0,1,1,25000,62.09,49.99,56.24,55.05,60.48,48.36,42.66,55.17,53.36,46.01,44.44,49.64,0,0,0,16
93,NA,2,2,1,6,6,4,18,25,25,2,2,1,0,1,0,3,4,0,1,2,4,3,0,97,0,0,0,1,3,30000,53.24,47.78,46.74,53.89,58.93,53.68,42.2,54.43,53.55,49.62,47.82,50.21,1,0,0,18
94,1,2,1,1,5,6,4,24,23,32,2,2,1,0,1,0,NA,3,3,0,1,4,4,1,93,0,1,1,2,3,30000,59.95,65.81,67.36,53.34,66.63,64.39,54.75,54.42,57.99,63.07,55.47,55.64,0,0,0,11
95,0,2,1,1,5,6,4,29,22,33,2,2,2,0,2,0,1,3,2,1,3,3.7,3,0,93,0,1,1,1,2,30000,50.34,39.54,38.55,46.82,53.66,41.7,47.09,50.4,60.74,53.21,49.47,50.8,0,0,0,25
96,0,2,2,0,6,6,3,17,29,40,2,1,3,1,1,0,2,2,0,1,2,3.5,4,0,95,22,1,0,2,3,50000,56.73,53.62,46.47,57.77,52.02,58.24,54.64,49.34,56.73,63.54,62.46,57.16,1,1,1,31
97,1,3,3,0,5,6,4,19,26,22,1,1,2,1,1,1,4,7,3,1,2,4,3,0,91,3,0,1,1,3,60000,50,51.32,66.49,54.19,59.41,54.43,61.63,51.09,59.04,52.99,60.31,52.52,0,0,1,9
98,0,3,3,1,4,6,4,18,19,29,1,2,2,2,3,1,7,4,2,0,3,4,4,0.5,NA,0,NA,NA,1,2,20000,52.69,64.82,47.46,64.93,55.11,57.09,52.81,43.51,52.92,57.38,51.5,47.18,1,0,0,16
99,1,1,3,1,4,6,4,18,19,31,1,2,1,0,1,1,2,3,3,1,2,4,3,0,90,3,1,0,1,3,30000,69.15,54.29,56.67,60.39,49.45,61.38,54.63,55.7,52.49,53.93,46.89,57.48,0,0,0,19
100,1,1,3,0,6,6,4,17,20,39,1,2,0,0,1,1,3,3,5,0,1,4,3,0,95,11,0,1,1,4,65000,63.34,66.28,64.37,65.27,61.31,65.25,64.01,53.35,59.86,60.15,65.22,58.85,0,0,0,27
101,0,2,3,0,4,6,4,25,20,29,1,2,1,0,1,1,3,5,3,1,2,4,3,0,NA,3,1,0,1,3,50000,39.47,46.44,52.8,52.08,52.08,53.7,55.53,55.13,55.16,49.62,54.14,53.46,0,1,0,23
102,0,3,3,0,2,4,4,25,32,22,1,2,1,1,2,0,1,2,2,0,1,4,4,0,95,3,1,0,2,2,1.00E+06,52.64,46.93,46.03,50.94,57.07,55.76,38.38,57.71,53.35,52.37,46.09,52.01,0,0,0,21
103,0,3,3,0,4,6,4,28,26,34,1,1,0,0,2,1,8,7,4,1,2,4,3,0,95,3,NA,NA,1,3,35000,57.68,54.87,70.79,54.06,64.64,63.73,68.5,61.9,65.98,62.25,64.31,61.44,0,0,0,8
104,0,3,3,1,4,6,4,21,16,25,1,2,0,0,3,0,2,1,1,0,3,4,3,0,95,3,0,1,1,2,40000,48.92,51.47,53.11,48.55,49.25,50,39.95,46.94,49.87,53.78,42.86,49.5,1,0,1,10
105,1,3,3,0,4,6,4,32,25,28,1,2,4,0,1,0,3,2,2,1,2,4,4,0,95,3,0,0,1,2,45000,39,47.69,43.69,46.75,38.66,49.89,44.68,42.11,34.09,43.12,35.78,34.58,0,1,0,19
106,0,3,3,1,8,6,4,27,22,29,1,2,1,0,2,0,2,4,1,0,2,4,4,0,NA,4,0,0,1,1,NA,48.78,45.67,41.13,44.77,49.73,54.65,45.5,43.17,44.54,51.49,45.96,52.35,0,0,1,2
107,0,3,3,1,4,6,4,13,15,27,1,3,3,0,0,0,1,2,4,0,2,4,4,0,NA,0,0,0,1,2,25000,57.17,56.71,52.91,44.91,54.45,51.74,54.54,47.85,57.62,53.05,48.93,52.76,0,0,1,18
108,1,2,3,1,8,6,4,18,23,31,1,2,2,0,1,0,5,3,1,0,4,3,3,0,90,1,0,0,1,1,30000,57.12,57.41,59.89,55.54,45.84,42.62,36.41,42.44,40.92,35.48,37.27,36.73,0,0,0,14
109,0,2,3,0,5,6,4,21,20,36,1,3,5,0,3,0,2,2,4,1,2,4,4,0,95,2,NA,0,2,3,33000,48.14,52.78,53.46,52.53,49.79,51.77,46.39,46.17,57.38,49.2,55.87,42.25,0,0,0,17
110,0,2,3,0,4,6,4,20,35,43,1,3,0,0,2,0,3,4,0,0,3,4,3,0,95,0,1,0,1,1,40000,40.71,41.34,51.97,49.67,45.53,46.61,51.35,46.78,39.16,45.25,48.99,39.13,0,0,0,10
111,0,2,3,1,5,6,4,21,26,27,1,2,1,0,3,1,3,2,3,0,2,4,2.5,0,95,2,1,0,1,2,35000,38.3,46.71,38.27,48.27,44.46,56.19,50.92,41.7,52.39,54.31,47.06,36.55,0,0,0,10
112,1,2,3,0,4,6,4,27,21,36,1,2,2,0,1,0,4,3,7,0,2,4,4,0,95,2,1,0,1,4,135000,54.64,57.39,57.21,76.7,54.95,57.93,57.12,63.87,53.67,60.12,59.45,59.11,0,1,0,28
113,1,2,3,0,5,6,4,22,24,27,1,1,1,2,1,1,3,3,0,1,1,4,4,1,95,2,NA,1,2,3,50000,59.56,52.9,73.59,70.56,61.07,56.53,69.54,70.84,61.05,55.99,67.22,69.13,1,1,0,17
114,0,3,3,0,3,5,4,21,21,33,1,1,1,0,2,0,6,3,4,1,2,4,4,0,95,0,0,0,1,1,30000,44.29,58.09,48.27,48.28,42.51,54.35,50,37.63,37.44,51.85,51.23,39.91,0,0,0,10
115,1,1,3,1,5,6,4,26,35,41,1,2,2,0,2,1,3,6,2,1,1,4,5,1,93,7,1,1,1,3,25000,61.1,70.11,60.76,60.73,64.41,67.38,59.52,56.82,57.42,64.67,63.56,53.86,0,0,0,19
116,0,3,3,0,4,6,4,17,15,29,1,3,3,0,0,1,3,3,3,1,2,5,4,0,NA,6,0,0,1,3,35000,50.75,42.74,54.61,49.56,47.02,50.11,57.08,61.55,51.81,48.05,49.27,54.57,0,0,0,20
117,1,1,3,1,5,6,4,15,20,31,1,2,0,0,2,1,3,6,5,1,2,3.99,4.99,1,NA,7,1,1,1,4,1.00E+05,62.84,70.12,53.09,60.28,63.69,68.6,69.93,59.24,62.74,65.19,64.07,54.14,0,0,0,25
118,1,2,3,1,4,6,4,13,11,21,1,2,2,0,3,1,2,3,2,0,1,4,4,0,94,3,0,0,1,2,50000,54.19,47.38,49.5,45.98,47.59,46.42,46.81,42.5,53.87,42.02,39.41,49.24,0,0,0,15
119,1,2,3,0,6,6,2,24,25,37,1,1,2,1,0,1,5,6,7,0,1,4,3,0,NA,5,NA,1,1,3,80000,54.27,54.19,62.97,64.92,57.2,52.79,60.34,68.47,58.24,51.33,58.83,60.03,0,0,0,4
120,1,2,3,1,5,6,4,19,21,41,1,3,2,2,2,0,4,3,1,1,1,4,4,0,NA,NA,1,1,1,4,NA,39.34,40.24,41.21,40.74,42.21,38.87,38.18,45.27,44.41,42.56,37.93,43.96,0,1,1,5
121,0,3,3,1,5,6,4,26,27,35,1,2,2,0,2,1,3,3,2,0,3,4,3,0,98,0,1,0,1,2,30000,58.76,45.92,48.31,47.48,53.33,47.33,50.78,63.52,56.91,49.96,46.77,53.48,1,1,0,12
122,1,1,3,0,4,6,3,22,33,32,1,3,0,0,2,1,5,2,0,1,1,4,5,0.5,92,5,0,1,1,2,30000,57.03,67.4,66.14,52.77,55.83,68.23,67.19,52.39,57.45,67.22,60.34,54.17,0,0,0,10
123,0,1,3,1,8,6,3,20,18,33,1,2,3,1,5,0,1,2,0,0,4,4,2,0,94,NA,0,0,1,1,20000,35.82,38.72,42.33,39.28,38.75,40.63,37.79,42.34,43.34,44,39.11,47.56,1,0,1,10
124,0,3,3,1,7,6,4,17,15,29,1,1,2,0,3,0,4,6,3,0,2,4,4,0,97,NA,1,NA,1,2,80000,39.41,52.45,38.66,41.3,38.59,49.69,40.68,43.49,41.69,49.15,39.49,44.27,0,0,0,13
125,0,3,3,1,4,1,4,21,26,29,1,1,1,0,0,1,4,3,4,0,1,5,4,0,97,NA,0,0,1,2,30000,45.36,47.21,47.5,53.57,40.69,44.81,37.6,54.07,49.2,46.91,42.13,44.38,0,0,0,0
126,0,3,3,1,4,6,3,21,14,26,1,3,0,0,2,0,2,3,2,1,3,4,3,0,97,NA,0,0,3,4,50000,51.88,54.83,55.48,47.31,52.66,54.18,48.25,49.97,57.74,50.29,54.68,46.55,0,0,1,22
127,0,3,3,1,6,6,4,21,18,25,1,2,0,2,2,0,3,2,4,0,2,5,4,0,NA,0,NA,0,3,2,25000,47.77,50.45,50.71,44.87,47.45,51.17,49.37,48.36,51.12,55.45,47.26,37.81,0,0,0,14
128,0,3,3,0,5,6,4,19,29,35,1,2,0,1,1,1,4,2,0,0,2,5,5,1,NA,0,0,0,1,1,25000,59.82,67.46,67.23,64.07,60.95,69.97,69.29,62.49,52.31,66.14,68.29,59.79,0,1,1,18
129,1,3,3,0,4,6,4,27,35,29,1,2,2,0,0,1,2,2,2,0,1,4,6,1,95,0,NA,1,1,3,40000,69.15,68.22,77.72,74.06,65.57,71.05,67.92,67.51,63.3,69.29,64.8,65.27,0,0,0,26
130,0,3,3,1,6,6,3,22,18,32,1,1,2,0,4,1,3,3,2,0,1,4,3,0,95,0,NA,0,1,1,25000,45.32,37.24,37.3,43.38,41.51,39.91,41.82,43.83,34.95,41.25,42.12,37.82,0,0,0,8
131,1,2,3,0,7,6,4,20,33,41,1,2,1,0,1,1,4,2,2,0,1,4,4,1,94,2,1,1,1,2,30000,70.55,75.04,73.43,73.96,62.16,69.71,70.12,72.89,66.25,70.49,68.78,70.04,0,0,0,18
132,0,3,3,0,4,1,4,25,20,36,1,2,1,0,2,1,8,8,7,1,2,4,3,0.5,95,0,1,1,1,3,50000,43.71,56.85,49.21,44.2,54.71,64.53,61.23,46.31,61.12,63.49,66.04,62.28,0,0,0,17
133,0,3,3,1,4,5,4,13,16,16,1,2,4,1,1,0,5,3,1,0,2,4,3,0,94,NA,1,1,1,3,35000,45.67,43.26,47.68,58.63,54.83,40.25,46.35,48.71,56.49,42.12,51.24,61.26,1,1,1,13
134,1,3,3,1,5,6,4,18,18,25,1,2,0,0,1,0,3,4,2,0,1,4,4,1,94,0,1,1,1,3,22000,64.65,65.94,58.96,73.96,60.95,65.51,68.08,64.87,60.96,66.14,61.92,60.41,0,0,0,19
135,0,2,3,0,5,6,4,25,24,29,1,2,2,0,1,0,5,1,2,0,1,4,4,0,94,0,0,0,1,1,40000,43.82,56.19,53.3,45.11,49.39,56.68,55.24,44.09,53.28,61.48,45.34,39.94,0,0,0,8
136,1,1,3,0,6,6,2,15,26,39,1,2,0,0,0,1,6,6,0,0,1,4,5,1,93,1,0,1,1,4,35000,54.09,54.92,48.93,52.29,39.42,50.51,38.61,49.45,45.75,53.12,50.03,52,0,0,0,9
137,0,1,3,0,5,NA,2,17,20,33,1,2,2,1,1,1,NA,2,1,0,2,5,4,0,91,12,NA,NA,2,2,80000,55.21,39.96,50.85,39.85,40.42,40.75,35.12,42.67,38.93,43.02,NA,NA,0,0,0,11
138,1,1,3,1,5,NA,3,25,23,27,1,2,3,1,2,1,0,3,2,0,3,5.5,5,1,91,12,NA,NA,2,4,50000,53.42,58.31,47.63,50.27,54.38,61.76,52.96,50.1,50.05,59.11,48.47,55.99,1,1,0,23
139,0,3,3,0,8,6,2,26,22,31,1,1,0,0,0,1,2,3,4,0,1,5,3,0,NA,0,NA,0,1,2,60000,50.14,49.76,60.14,58.33,56.53,60.05,62.07,51.22,42.04,52.63,52.7,55.79,0,0,0,6
140,1,3,3,1,4,6,4,26,23,37,1,1,1,0,2,0,1,0,1,0,2,4,3,0,96,0,1,0,1,2,NA,61.99,52.27,57.23,60.76,65.55,50.86,59.27,62.05,59.53,52.44,55.01,55.66,0,0,0,7
141,1,2,3,0,5,6,4,30,23,32,1,2,1,0,2,0,4,5,1,0,1,4,3,0,95,4,0,1,1,2,40000,53.66,66.37,55.23,64.9,62.25,66.17,56.06,72.89,62.72,66.01,55.34,64.64,0,0,0,16
142,1,3,3,1,4,6,4,15,33,39,1,2,0,0,1,1,NA,4,2,0,4,3,3,0,94,0,1,0,2,3,40000,53.44,48.08,57.03,53.75,53.33,49.62,53.64,46.79,50.17,44.51,44.22,42.26,1,0,0,19
143,1,3,3,1,4,6,4,15,18,33,1,2,1,0,2,0,6,6,6,0,2,4.5,4,0,94,0,0,0,2,3,NA,45.06,46.5,42.99,48.07,47.94,44.24,42.85,46.35,42.56,49.44,43.58,46.65,1,0,1,11
144,1,1,3,0,5,6,2,26,22,39,1,2,3,2,0,1,7,5,5,1,2,4,4,0,93,0,0,0,3,3,55000,51.26,56.9,46.65,54.76,55.88,55.62,47.65,50.41,43.91,54.71,48.61,63.14,0,1,1,10
145,1,1,3,1,5,6,1,20,19,27,1,2,0,0,0,1,2,7,1,1,1,4,4,1,95,20,0,1,1,3,45000,65.69,74.45,76.08,76.7,66.95,69.96,66.92,71.89,66.24,68.78,70.6,69.13,0,0,0,15
146,0,1,3,1,4,6,4,9,28,40,1,2,1,2,2,0,3,3,0,1,2,6,4,0,96,NA,1,0,1,3,50000,56.85,48.76,58.8,50.22,57.68,47.8,50.09,55.86,59.32,51.02,58.92,52.15,0,0,0,27
147,0,3,3,1,4,6,4,17,33,36,1,2,2,0,3,0,2,2,1,0,2,4,3,0,94,0,1,0,1,3,50000,45.04,42.26,45.21,43.8,39.63,41.4,35.36,41.98,41.82,39.39,37.8,45.75,0,0,0,16
148,1,3,3,1,4,6,4,30,19,33,1,2,0,0,0,1,8,4,4,0,1,4,4,0,96,12,0,1,1,2,30000,51.65,53.41,40.65,52.7,49.45,50.07,51.4,44.91,52.1,54.41,55.28,37.96,0,0,0,15
149,1,3,3,0,4,6,4,26,26,43,1,2,1,0,1,1,8,2,4,1,1,4,4,0,96,12,0,1,1,2,40000,52.88,54.85,46.93,51.27,52.13,51.49,49.05,45.76,47.41,54.78,54.9,51.69,0,0,0,17
150,0,3,3,1,5,6,4,6,2,19,1,2,2,0,1,0,3,2,0,1,3,4,3,0,96,4,NA,0,1,1,2800,41.19,47.2,49.65,53.97,52.68,42.13,42.7,55.27,57.72,41.1,48.09,46.76,0,0,0,8
151,1,1,3,1,5,6,4,32,31,41,1,2,2,0,2,1,4,4,0,0,3,5,3,0,94,NA,1,0,1,2,0,70.55,52.83,46.7,56.14,63.2,53.06,46.95,56.26,63.44,47.81,45.06,54.61,0,1,1,23
152,0,1,3,1,5,6,3,17,18,37,1,2,1,0,1,1,3,3,3,0,1,4,3,0,94,NA,NA,0,1,4,60000,64.6,48.03,53.03,58.46,61.1,46.5,57.1,61,58.13,55.36,57.7,60.98,0,0,0,22
153,0,1,3,1,4,6,4,23,21,37,1,1,1,0,1,1,6,6,3,1,1,4.5,4,0,93,4,1,0,2,4,40000,60.71,66.6,62.05,76.7,66.36,60.19,64.64,66,65.89,64.31,67.45,63.26,0,0,0,29
154,1,3,3,1,4,6,4,19,23,31,1,2,0,0,2,0,2,2,3,0,2,4,3,0,NA,14,0,0,1,1,30000,53.22,44.17,42.76,46.81,47.29,43.09,45.36,48.49,49.07,45.73,45.81,46.05,0,0,0,10
155,1,3,3,1,4,1,4,18,24,25,1,2,1,0,3,NA,2,3,2,1,1,4.5,4,0,95,2,1,1,2,3,50000,55.66,66.04,46.11,47.75,61.77,57.95,63.95,49.82,54.25,54.03,44.73,55.42,1,0,0,28
156,0,3,3,1,3,6,4,32,30,29,1,2,1,2,2,0,1,1,5,0,2,4,3,0,95,2,1,NA,2,2,NA,40.72,49.44,56.85,41.49,47.63,55.22,47.43,38.96,45.54,51.22,48.23,37.03,0,0,0,14
157,0,2,3,1,5,6,4,22,11,16,1,2,0,0,3,0,2,2,1,1,2,4,3,0,97,8,1,0,2,2,NA,67.1,53.79,62.83,63.99,62.71,54.93,51.9,66.55,63.99,54.25,62.68,58.67,0,0,0,23
158,0,2,3,1,8,6,2,23,29,27,1,2,2,1,3,0,2,2,4,0,3,4,3,0,95,10,NA,1,1,2,0,47.25,47.48,49.34,48.84,54.96,47.12,43.45,47.68,61.14,48.39,47.39,61.33,0,0,0,15
159,0,3,3,1,3,NA,4,8,6,4,1,2,1,1,2,0,5,1,0,1,2,4,3,0,95,0,0,0,2,4,80000,70.55,47.98,70.32,61.12,67.86,62.27,62.05,63.37,62.84,53.74,62.06,59.16,0,0,0,18
160,0,1,1,1,5,6,4,17,25,29,3,1,4,0,1,1,2,7,3,0,2,4.31,4,0,97,3,1,0,1,3,40000,59.73,58.33,54.52,56.28,63.53,57.93,60.14,54.41,63.96,54.77,65.72,55.74,1,0,1,30
161,1,1,1,1,4,6,4,26,27,41,3,1,1,0,1,1,2,6,4,1,2,3.99,4,1,97,3,1,1,1,4,60000,69.15,77.2,67.79,68.36,66.6,66.29,69.52,65.32,66.79,67.17,67.6,63.18,0,0,0,25
162,0,1,1,0,4,6,2,17,19,37,3,2,0,1,0,1,4,4,2,1,2,3.63,3.63,0.99,NA,15,1,1,1,3,10000,62.42,61.47,68.02,61.16,65.57,69.97,62.89,60,65.76,68.26,64.92,64.86,1,0,1,31
163,1,2,1,1,4,6,4,18,18,25,3,1,1,2,0,1,2,3,2,1,2,3,4,1,99,17,1,1,1,3,75000,63.95,64.78,61.2,74.06,65.44,66.94,67.86,61.88,63.6,68.38,63.73,60.85,0,1,0,30
164,0,2,1,0,4,6,4,27,32,41,3,2,0,0,1,1,2,4,4,1,2,3,4.5,1,97,2,1,NA,1,3,1.00E+05,65.64,69.67,65.59,63.17,56.82,66.41,58.69,55.01,57.75,67.12,61.35,57.51,0,1,0,29
165,1,2,1,0,5,6,4,32,35,43,3,1,2,0,1,1,6,4,4,1,2,4,4,1,97,2,1,1,1,2,1.00E+05,55.57,67.7,59.36,67.89,57.12,58.43,52.61,60.56,66.18,59.25,64.03,63.89,0,1,1,26
166,1,3,3,1,5,6,4,13,16,30,3,1,2,0,1,0,3,3,3,0,2,4,3,0,96,0,1,1,3,1,60000,58.25,58.93,47.77,45.89,43.45,53.79,44,51.41,48.14,49.5,46.5,45.61,0,0,0,23
167,0,3,3,0,5,6,4,23,21,38,3,1,1,0,1,0,3,3,2,1,2,4,3,0,96,0,0,0,2,2,70000,70.55,65.16,70.86,63.54,62.01,62.43,69.96,65.11,65.56,59.23,65.6,64.42,0,0,0,19
168,1,1,3,0,5,1,4,30,26,41,3,1,1,0,1,1,3,5,4,1,2,3.5,4,1,98,11,1,1,1,4,250000,47.84,56.95,35.15,55.33,50.04,65.64,69.63,61.42,57.39,65.69,67.12,59.74,0,1,1,24
169,1,1,3,0,4,6,4,26,29,39,3,1,0,0,1,1,3,5,6,1,2,4,4,0,98,11,1,1,1,4,60000,65.81,64.06,67.11,76.7,67.86,66.26,61.57,69.4,68.09,64.84,61.04,69.13,0,0,0,27
170,0,2,3,1,4,6,4,12,9,31,2,1,4,0,1,1,2,6,2,0,1,8,4,0,NA,NA,0,0,1,3,40000,57.1,47.69,45.44,49.12,49.99,49.55,44.35,55.8,50.61,53.23,46.23,49.48,0,0,0,23
171,0,2,3,1,5,6,4,23,25,33,3,2,0,0,1,0,7,6,2,1,1,4,4,0,91,0,NA,0,1,2,55000,53.86,46.61,48.14,52.43,53.05,52.59,44.07,53.56,57.2,55.19,45.39,42.61,0,0,0,19
172,0,3,3,0,4,6,4,26,30,43,3,2,1,1,2,1,4,3,2,1,2,4,4,0,92,0,1,0,1,2,75000,60.64,64.57,61.06,53.92,67.86,62.48,57.93,50.48,54.97,58.22,47.42,48.86,0,1,0,22
173,0,3,3,0,6,6,4,30,33,43,3,1,1,0,2,0,4,3,3,0,2,6,4,0,92,0,1,0,1,4,150000,52.35,57.01,54.12,61.07,62.46,60.97,55.79,58.36,57.81,60.38,57.86,64.17,0,0,0,21
174,1,1,3,1,6,6,4,20,25,35,2,1,1,1,0,1,3,7,2,0,2,4,4,1,97,7,0,1,1,3,50000,65.88,64.12,66.09,54.58,59.52,62.13,59.76,52.56,61.99,64.62,61.71,62.69,0,0,0,29
175,1,1,3,0,5,6,4,26,18,29,2,2,1,2,1,1,2,2,1,1,2,4,4,1,97,7,1,1,1,3,50000,67.1,77.2,63.85,57.48,61.86,71.05,63.92,56.54,62.05,68.96,66.3,65.45,1,1,1,29
176,0,1,3,1,4,6,4,28,26,43,2,1,1,1,2,1,3,3,1,1,2,4.5,4,0,90,9,0,0,1,3,NA,50.24,60.83,51.73,54.22,54.51,61.4,50.47,56.41,57.6,54.49,52.84,54.28,0,0,1,22
177,0,1,3,1,5,6,4,29,21,25,2,2,2,0,2,0,4,3,3,0,2,4,3,0,94,3,1,0,1,4,80000,55.81,52.1,51.3,54.52,62.39,56.17,58.24,51.47,58.16,55.17,60.3,56.42,0,0,0,21
178,1,2,1,0,5,6,4,23,31,29,2,2,1,1,2,0,3,4,2,1,1,4,4,0,95,7,0,0,1,3,60000,59.16,67.99,70.69,53.31,59.85,67.48,52.78,60.59,63.51,64.17,61.91,62.89,0,1,0,20
179,0,2,1,1,5,6,4,23,20,26,2,2,1,0,3,1,3,7,2,1,2,4.5,4,0,90,8,1,0,1,4,60000,54.66,51.07,46.9,51.88,56.54,54.07,59.84,57.29,58.08,53.65,49.17,55.24,0,0,0,24
180,0,2,1,0,4,6,4,32,34,25,2,2,1,0,2,1,3,3,1,0,2,4,4,0,NA,5,1,0,2,4,NA,50.14,40.94,44.65,44.55,56.26,54.92,52.27,51.57,61.39,56.29,48.32,56.73,0,1,0,25
181,0,2,1,0,5,6,4,30,31,32,2,1,0,0,1,1,8,6,3,1,1,4,4,1,NA,5,1,0,1,3,40000,52.59,57.33,49.56,55.89,57.67,50.06,58.03,51.9,52.7,51.19,54.18,46.13,0,0,0,30
182,1,3,4,0,5,6,4,28,35,36,1,2,1,0,0,0,6,5,3,0,4,3.96,3,0,99,1,1,0,1,1,40000,47.66,48.03,49.23,39.06,39.69,49.21,40.29,41.33,37.77,50.2,60.49,55.46,0,1,0,15
183,1,2,4,1,4,6,4,23,24,36,1,2,0,0,1,0,3,4,2,0,3,3.5,2.5,0,93,1,1,0,2,2,25000,48.17,36.61,46.89,51.44,49.61,49.62,49.08,54.69,55.33,46.16,40.68,49.16,0,0,0,17
184,1,2,4,1,9,6,3,16,25,29,1,2,2,1,2,1,4,4,1,0,1,4,4,1,92,6,0,1,1,3,40000,56.44,58.75,55.27,44.21,54.53,64.01,59.7,45.78,53.77,64.25,58.46,57.66,0,0,0,7
185,1,3,4,0,5,6,4,16,22,25,1,2,1,0,3,0,8,2,0,0,1,4,4,0,87,0,1,1,1,2,50000,70.55,70.94,66.93,74.49,65.87,60.57,69.28,70.04,62.35,66.23,64.49,67.51,0,0,0,16
186,0,1,4,1,5,6,4,23,18,33,1,2,3,0,1,1,1,3,0,0,1,4.08,4.08,0,94,7,0,1,1,3,25000,56.45,66.26,52.99,58.38,61.72,67.81,69.29,50.26,53.96,66.09,62.1,58.96,0,0,0,16
187,0,2,4,0,4,6,2,24,33,34,1,4,2,1,2,1,2,6,0,0,2,4,4,0,NA,5,NA,0,1,4,1.00E+05,56.51,57.41,66.71,63.38,62.21,63.32,64.59,59.68,63.9,66.38,66,65.15,0,0,0,18
188,0,2,4,1,6,6,3,23,20,25,1,2,2,1,1,0,7,4,6,1,2,4,4,0,NA,5,NA,1,2,2,65000,55.4,62.03,60.46,55.1,66,61.24,61.79,62.87,64.08,64.05,60.37,64.97,0,0,0,17
189,1,2,4,1,5,6,2,17,35,27,1,4,1,4,2,1,3,2,0,1,2,4,3.5,0,NA,5,1,1,2,3,20000,50.26,61.16,41.92,50.17,60.6,63.12,46.93,51.59,59.91,61.7,49.31,41.6,0,0,0,28
190,1,2,4,0,9,6,2,19,18,23,1,4,2,1,1,1,2,3,0,0,2,4,3,0,87,10,0,1,2,2,NA,49.01,50.65,50.63,60.96,48.7,49.54,NA,NA,50.66,54.6,58.85,50.96,1,1,0,4
191,0,2,4,0,3,1,1,30,18,40,1,3,0,2,2,0,5,2,0,1,4,4.5,2,0,NA,10,NA,0,1,2,NA,49.47,40.74,55.14,NA,49,41.69,49.47,47.52,54.61,42.98,53.82,54.17,1,1,1,7
192,1,2,4,0,5,6,2,26,21,25,1,2,1,0,2,1,3,5,1,1,2,4,2,1,NA,10,1,0,1,4,30000,70.55,69.59,64.64,NA,64.77,68.09,66.86,68.05,64.32,71.05,64.79,67.33,0,0,0,28
193,0,3,4,1,4,6,4,14,22,38,1,1,0,0,0,0,2,3,7,1,2,5,4,0,92,3,1,1,1,3,40000,59.39,48.56,58.1,53.57,58.49,55.87,53.98,48.31,52.61,49.11,50.62,46.2,0,0,0,23
194,0,1,4,0,3,3,4,21,17,25,1,2,1,0,1,0,2,2,5,1,2,4,2,0,92,3,1,0,1,1,20000,42.26,41.94,43.44,38.2,45.42,42.77,37.72,41.69,38.75,41.94,36.35,39.9,0,0,0,21
195,1,1,4,1,4,1,4,11,21,29,1,2,2,0,1,0,2,1,4,1,2,4,4,0,92,3,1,1,3,2,30000,55.74,67.31,53.59,50.65,54.24,62.66,46.14,56.16,51.63,62.21,51.32,48.55,0,0,0,17
196,1,2,4,0,3,1,4,19,26,36,1,1,3,0,2,1,4,6,2,1,2,4.5,4,0,93,7,1,1,1,4,70000,65.64,71.86,73.84,67.94,51.7,63.51,71.72,NA,67.69,69.92,69.35,67.68,0,0,0,21
197,NA,2,4,0,2,1,4,24,32,29,1,2,0,0,0,1,1,1,2,0,2,4,4,0,98,13,1,1,1,2,40000,43.9,53.93,46.14,49.39,57.7,62.2,53.26,52.46,54.89,57.52,55.81,48.24,0,0,0,24
198,0,1,4,0,5,6,4,23,33,39,1,2,1,2,1,1,2,2,2,1,4,4,2,0,NA,10,1,1,1,3,35000,53.37,50.59,52.66,55.59,53.26,50.56,50.01,50.93,53.08,54.92,61.43,56.63,0,0,0,16
199,1,1,4,1,7,6,2,15,18,32,1,2,1,2,3,1,2,3,3,0,2,5,2.5,0,NA,10,0,1,1,4,45000,52.31,54.02,63.03,71.94,57.86,52.32,60.94,57.4,59.25,54.14,55.86,59.11,0,0,0,6
200,1,3,4,1,4,6,4,25,26,43,1,2,5,5,5,1,7,1,2,1,4,3,3,0,93,10,NA,1,1,4,50000,57.2,60.08,58.13,62.11,58.42,65.23,45.71,53.73,49.97,59.64,60.8,42.26,0,0,0,18
201,0,1,4,1,3,6,4,25,9,30,1,3,1,3,3,0,3,3,0,0,4,3,2,0,88,18,1,0,1,1,45000,51.82,39.71,38.69,44.7,51.19,39.78,41.78,47.36,48.47,36.57,39.97,39.31,1,0,1,13
202,1,1,4,0,6,6,2,30,35,43,1,2,1,1,1,0,0,1,4,1,2,3.5,3,0,88,18,NA,1,1,2,35000,50.3,51.08,58.48,50.07,55.37,51.73,50.81,50.13,52.46,44.63,45.47,46.69,0,0,1,18
203,1,2,4,1,9,6,2,7,20,21,1,2,2,1,5,0,7,8,2,0,2,4,3,0,NA,6,0,1,1,4,45000,46.28,51.41,56.57,56.33,47.59,53.3,50.97,54.65,59.76,51.37,46.43,57.64,0,0,0,6
204,1,2,4,1,4,6,2,22,26,32,1,2,1,1,2,1,6,7,7,1,1,4,4,0,93,6,1,1,2,3,35000,51.23,65.47,50.71,49.25,54.96,56.91,48.71,60.36,55.38,59.08,54.94,58.88,0,0,0,6
205,1,2,4,1,5,6,4,21,35,39,1,2,1,1,2,0,5,5,4,0,2,4,3.5,0,NA,0,0,1,2,2,35000,51.26,51.06,56.2,41.59,55.86,53.08,45.27,45.04,60.87,54.04,52.16,48.58,0,0,0,15
206,1,1,4,0,5,6,1,25,23,33,1,2,2,2,3,1,1,2,0,1,2,4,3,0,88,10,0,0,1,3,40000,39.79,51.48,45.08,48.54,43.59,55.48,44.67,38.47,47.79,59.24,52.62,43.19,0,0,0,17
207,1,1,4,1,5,6,4,11,20,27,1,2,2,3,2,1,2,5,2,0,2,4,4,1,88,10,0,1,1,2,30000,49.83,69.93,65.79,50.83,50.97,65.45,60.19,56.5,47.99,66.04,61.07,63.32,0,0,0,11
208,1,3,4,1,5,6,4,22,28,34,1,2,5,0,2,0,2,2,5,1,2,4,4,0,98,2,NA,1,1,2,50000,59.11,68.28,77.72,74.49,61.88,66.08,67.59,66.5,63.06,63.47,69.35,68.47,0,0,0,18
209,1,2,4,0,3,6,3,16,21,40,1,2,1,1,0,1,2,7,4,1,1,4,4,1,NA,8,NA,1,1,3,75000,65.13,69.4,64.15,53.31,56.28,66.08,53.02,50.11,64.34,66.76,62.92,68.47,0,0,1,25
210,1,2,4,1,5,6,2,7,11,5,1,2,1,0,2,0,2,6,0,0,2,4,4,1,NA,8,0,1,1,4,60000,46.5,61.43,46.35,44.96,46.54,59.58,45.23,41.32,47.22,61.99,52.34,56.72,1,0,0,12
211,1,2,4,1,4,6,3,26,21,31,1,2,4,1,5,1,1,3,3,1,2,4,3,0,NA,8,1,NA,1,3,40000,54.55,53.96,51.76,50.61,50.91,54.89,47.52,50.16,56.82,52.87,51.59,52.52,0,0,0,14
212,1,1,4,0,6,6,1,19,17,17,1,2,5,5,3,1,1,2,0,0,3,4.5,2.5,0,NA,6,1,1,1,4,30000,69.15,77.2,66.83,60.88,47.29,49.28,48.15,54.87,55.29,51.62,50.34,66.07,0,0,1,2
213,0,3,4,1,4,6,4,7,9,23,1,2,0,0,1,0,7,3,4,0,2,4.5,4,0,98,1,1,0,1,4,75000,70.55,66.11,78.47,76.7,64.77,62.52,71.72,71.12,63.93,64.1,67.26,66.91,0,0,0,19
214,1,2,4,1,6,6,4,27,30,41,1,2,0,2,2,0,4,3,1,0,1,4,3,0,97,NA,1,1,1,1,20000,52.96,44.61,45.36,58.49,53.98,46.73,40.08,35.7,49.64,48.88,49.99,37.81,0,0,0,6
215,1,1,4,0,9,6,2,19,11,20,1,2,1,1,1,1,8,8,3,1,1,4,4,1,85,5,1,1,1,4,NA,59.42,67.96,58.1,62.37,58.23,65.41,56.49,72.89,63.14,66.39,69.35,66.94,0,0,0,23
216,1,3,4,1,4,6,4,20,7,22,1,2,0,0,2,0,4,3,1,1,4,4,2,0,NA,5,NA,1,1,1,65000,47.09,48.26,51.92,49.79,45.3,48.44,48.95,55.74,45.13,47.86,48.76,47.06,0,0,1,18
217,0,1,4,1,8,6,2,20,23,35,1,2,1,2,3,0,4,4,3,1,3,4.25,4,0,98,1,1,0,1,3,30000,42.57,50.29,47.04,49.89,46.5,54.67,46.11,54.51,49.79,51.4,48.57,63.04,0,0,0,19
218,1,3,4,1,4,6,4,21,33,41,1,2,2,0,1,0,7,4,6,1,2,4,4,0,95,6,1,0,1,3,50000,66.85,63.22,49.42,51.37,59.74,60.27,50.07,52.21,54.81,54.99,43.8,54.09,0,1,0,25
219,1,3,4,1,4,6,3,29,23,35,1,1,1,1,1,1,6,4,5,0,1,4,3,0,95,6,NA,1,1,3,40000,70.55,72.41,70.84,60.63,66.85,69.96,67.32,57.04,65.44,65,60.52,64.85,0,0,0,19
220,0,2,4,0,4,6,4,28,23,25,1,2,3,1,2,0,1,1,4,1,2,3,4,0,93,6,1,0,1,3,10000,52.16,50.11,53.4,55.45,65.87,59.44,60.37,59.78,51.15,59.72,61.5,55.87,0,1,0,11
221,0,2,4,0,6,6,1,17,16,43,1,2,4,1,0,1,3,4,2,0,2,4,4,0,98,6,1,1,1,2,95000,63,46.54,52.48,72.57,62.93,53.34,52.06,61.08,61.45,53.71,57.5,57.27,0,0,0,17
222,0,2,4,0,9,6,4,15,7,27,1,2,0,0,0,0,8,8,7,1,4,3.5,3,0,94,4,0,1,2,4,150000,54.92,66.94,63.42,65.95,62.83,62.61,62.34,72.89,60.4,62.12,65.67,68.47,0,0,0,21
223,1,3,4,1,4,6,4,22,6,24,1,2,0,0,2,0,2,7,2,0,4,4,3.5,0,94,6,0,1,1,2,40000,42.59,44.7,39.08,50.26,54.64,52.34,42.18,52.29,59.67,53.32,48.99,50.43,0,0,0,19
224,0,3,4,0,4,6,4,18,21,33,1,2,2,0,1,0,2,3,2,0,2,3,3,0,94,0,1,1,1,3,50000,44.24,57.12,61.79,54.16,49.62,60.56,61.93,49,53.05,60.59,61,50.59,0,0,0,20
225,1,3,4,0,5,6,4,18,23,26,1,2,0,0,0,0,6,6,0,1,2,3,2.5,0,94,0,NA,1,1,3,40000,59.93,57.73,40.35,51.34,59.24,62.73,65.35,59.09,39.01,44.67,64.99,57.25,1,1,1,18
226,1,2,4,0,4,6,4,22,25,33,1,1,1,0,1,1,4,6,3,0,1,4,3.5,1,94,3,1,1,1,4,60000,49.95,61.92,57.53,55.24,53.49,64.4,60.26,54.97,64.91,65.18,62.44,62.15,0,0,0,17
227,0,2,4,0,4,6,4,20,25,41,1,2,1,0,1,0,2,3,4,0,2,3.5,4,0,94,3,0,0,1,3,30000,49.71,52.77,59.33,49.62,57.66,60.02,59.8,48.8,57.12,61.82,60.55,51.91,0,0,0,14
228,1,2,4,0,4,6,4,19,21,23,1,2,0,0,2,1,3,5,0,1,1,4,4,1,NA,NA,1,1,3,4,40000,61.56,66.42,62.52,60.25,63.62,67.18,59.17,66.4,61.75,66.57,67.98,61.21,0,0,0,19
229,1,1,2,1,9,6,4,14,23,33,2,2,1,0,1,1,4,6,1,0,3,4,3,0,97,3,0,1,2,3,45000,50.24,58.96,51.34,49.36,48.08,51.69,51.38,49.53,52.32,55.08,48.1,44.52,0,0,0,16
230,1,1,2,0,3,6,4,28,21,29,2,2,0,0,1,1,7,6,5,0,2,4.25,4,1,97,0,1,1,1,3,75000,59.61,74.29,61.44,60.66,62.6,65.85,64.52,58.91,60.2,65.4,65.01,61.26,0,0,0,20
231,0,1,2,0,5,6,4,20,21,29,2,2,1,0,1,0,2,1,0,1,2,3.75,4,0,97,0,NA,0,1,2,50000,40.59,51.74,46.28,48.86,46.42,46.29,55.67,60.23,43.98,51.14,54.62,47.48,1,0,1,22
232,0,1,2,0,6,6,4,30,21,29,2,2,1,1,1,1,4,5,3,1,2,2.75,4,0,97,0,1,0,1,4,1.00E+05,43.36,65.98,69.83,74.49,57.84,58.9,67.29,72.89,50.18,54.37,62.75,64.27,0,0,0,26
233,0,1,2,1,5,6,4,17,15,27,2,3,1,2,1,0,2,1,0,1,2,3,3,0,97,0,1,0,1,2,50000,66.3,43.89,45.75,49.73,62.44,55.31,44.25,51.48,56.75,51.45,45.8,53.48,1,0,0,21
234,1,1,2,1,6,6,4,22,18,27,2,2,3,1,1,1,4,4,3,1,2,3.75,4,1,97,0,1,1,1,2,30000,65.69,70.9,59.65,65.36,59.78,66.86,58.22,65.4,61.36,63.91,58.94,57.58,0,0,0,21
235,0,1,2,1,9,6,4,25,33,36,2,2,2,0,2,1,7,5,3,0,2,3.75,5,1,97,0,1,1,1,3,70000,59.84,62.13,41.95,53.8,53.57,60.46,48.67,55.94,53.33,63.68,48.07,54.74,1,0,0,27
236,0,1,2,0,7,6,3,9,18,35,2,2,0,0,1,0,8,3,2,0,4,2.65,2.81,0,95,0,1,0,1,2,35000,52.6,50.84,60.03,54.1,54.35,55.97,58.53,66.4,62.48,56.76,65.47,65.53,0,0,0,12
237,1,1,2,0,4,6,4,18,15,29,2,1,1,0,2,1,2,2,4,1,1,4,4,1,97,0,1,1,2,3,50000,66.85,74.31,72.07,67.15,68.05,66.26,66.03,72.89,61.06,68.3,67.59,65.25,0,0,0,20
238,1,1,2,1,6,6,4,17,19,29,2,2,3,0,2,1,4,3,3,1,1,5,3.5,0.5,97,0,1,1,1,2,30000,62.64,69.2,69.58,57.54,60.24,65.5,59.25,59.39,64.9,65.72,60.66,54.7,0,0,0,30
239,1,1,2,0,4,6,4,24,17,29,2,2,2,1,0,1,4,4,7,1,1,4.5,5.5,1.5,93,0,1,1,1,2,75000,60.14,65.73,73.74,57.36,62.53,68.14,69.05,58.14,55.53,70.18,68.53,65.39,0,0,0,26
240,0,1,2,0,5,6,4,27,22,30,2,2,4,0,3,0,3,5,2,1,2,4,4.5,0,93,0,1,0,1,3,50000,64.56,53.02,67.36,59.89,68.8,57.87,66.22,60.38,56.96,67.14,68.53,66.86,0,0,0,27
241,1,1,2,1,6,6,4,26,24,38,2,2,3,0,2,1,4,4,0,0,2,4.5,4.5,0,93,0,1,1,2,3,70000,50.53,45.66,44.1,53.92,49.38,50.47,48.47,53.14,46.26,54.95,59.64,59.93,0,0,0,28
242,0,1,2,1,4,6,4,22,32,41,2,2,2,0,1,1,6,2,0,1,2,5,3,0,83,3,1,1,1,3,30000,69.15,47.59,53.91,44.83,59.57,55.89,44.18,NA,56.96,49.59,49.28,52.02,0,0,0,19
243,0,1,2,0,4,6,4,22,19,23,2,2,3,1,3,1,2,3,2,1,2,4.5,4,0,97,0,1,1,1,3,60000,63.32,55.74,53.51,56.66,39.53,53.95,50.9,44.56,56.43,55.36,59.21,64.09,0,1,0,17
244,1,1,2,1,4,6,4,17,21,29,2,2,0,0,2,1,5,7,3,1,2,4.5,4,0,95,1,1,0,1,2,60000,58.62,52.64,51.28,48.86,52.78,56.81,57.65,52.87,54.57,61.62,59.68,60.19,0,0,0,20
245,0,1,2,0,4,6,3,23,21,29,2,2,2,1,1,1,2,1,0,1,1,4.5,4,0,97,10,1,0,1,4,1.00E+05,57.48,58.87,64.33,63.28,62.94,65.02,62.78,69.93,59.76,66.61,67.67,64.37,0,0,0,22
246,1,1,2,0,4,6,4,17,14,35,2,2,2,2,2,NA,2,3,3,1,1,5.5,3.5,0,97,10,1,1,1,4,1.00E+05,60.7,46.51,58.39,66.92,66.16,53.75,50.98,62.12,40.4,54.89,48.61,66.94,0,1,0,25
247,1,1,2,0,6,6,4,20,21,25,2,2,1,0,0,0,2,3,2,0,2,4.5,3.5,0,91,14,1,0,2,1,35000,54.84,54.03,53.55,58.18,45.8,59.72,51.09,48.47,46.18,61.04,53.07,45.74,0,0,0,11
248,0,1,1,1,7,6,4,28,33,43,2,2,1,0,1,0,3,5,2,0,2,4,4,0,82,1,0,0,1,2,35000,55.59,50.59,58.69,56.85,64.4,60.9,62.34,58.61,57.63,60.54,54.06,50.8,0,0,0,19
249,0,1,2,0,6,6,4,21,21,29,2,2,0,0,0,1,3,4,3,1,1,4,5,1,NA,4,NA,1,1,2,50000,59.8,57.18,57.11,53.2,59.68,60.53,60.58,58.47,57.14,69.5,62.42,51.51,0,0,0,14
250,0,1,2,1,5,6,4,15,28,27,2,3,2,0,2,0,2,3,3,1,2,5,2,0,91,1,1,0,1,2,45000,43.53,41.44,40.42,46.1,33.8,40.07,38.61,43.98,35.49,34.88,41.32,37.2,1,1,0,14
251,0,1,2,0,7,6,4,24,33,25,2,2,2,1,2,1,2,2,3,1,1,4.5,3.5,0,88,3,0,NA,2,2,1.00E+05,69.15,60.57,58.56,61.79,65.61,65.2,63.78,56.89,58.66,62.24,53.62,58.52,0,0,0,12
252,0,1,2,0,3,3,4,23,23,37,2,2,3,0,1,0,3,2,0,0,4,3,2,0,75,8,1,0,1,2,45000,58.36,57.44,55.41,55.49,54.99,60.3,59.55,53.37,54.26,60.1,59,54.67,0,0,0,13
253,0,2,3,1,4,6,4,32,35,37,2,1,5,5,2,1,3,8,2,1,1,5,4,0,90,10,1,0,1,2,NA,61.69,64.91,56.34,66.7,66.8,63.51,55.74,62.95,67.1,65.57,64.28,70.04,0,0,0,18
254,1,2,3,1,5,NA,1,24,18,28,2,2,2,0,1,1,7,3,4,1,1,4.5,4,1,90,10,1,1,1,3,1.00E+05,66.71,67.3,75.25,62.84,67.86,65.44,64.73,68.06,65.81,65.99,63.48,67.51,0,1,0,35
255,0,2,3,0,2,1,3,20,22,28,2,3,5,0,0,0,3,4,0,0,1,4.5,3,0,90,10,1,0,1,4,1,50.34,46.57,51.76,57.06,63.66,53.77,55.41,60.4,51.79,51.24,54.89,62.6,0,0,0,23
256,0,2,3,0,4,6,4,22,11,23,2,2,0,0,1,1,1,1,4,0,1,4,4,0,NA,10,1,0,2,3,50000,52.09,66.21,64.03,56.3,53.37,58.82,63.02,58.58,56.28,57.82,63.05,57.23,0,1,1,28
257,1,2,3,0,4,1,4,15,28,29,2,2,1,0,2,1,2,3,1,0,1,4,5,1,NA,10,0,0,1,3,60000,56.25,59.97,57.19,61.47,64.9,64.13,65.98,66.33,62.18,67,64.07,58.16,1,0,0,17
258,0,2,3,0,7,6,4,21,21,39,2,2,0,0,1,1,2,2,1,0,2,4.5,4.5,0,NA,10,1,0,3,4,50000,51.01,53.24,59.53,74.49,55.87,53.53,69.26,71.12,61.58,57.35,63.46,66.94,0,1,1,24
259,0,2,3,1,4,6,4,29,31,41,2,2,0,0,2,1,6,4,2,1,2,4,4,1,98,6,0,0,2,4,40000,70.55,69.24,70.17,57.45,67.09,68.74,65.02,71.89,60.8,68.61,59.58,66.89,0,0,0,21
260,1,1,4,1,8,6,2,10,20,27,2,2,5,4,3,1,3,3,2,0,2,4,4,0,NA,NA,NA,NA,2,2,NA,55.49,49.81,63.6,45.48,53.79,50.39,46.96,46.36,60.28,56.39,49.27,42.51,0,1,0,11
261,0,1,4,1,5,6,4,17,13,25,2,2,1,0,3,1,4,7,1,1,2,5,3,0,NA,NA,1,0,1,3,80000,69.15,60.51,58.91,57.46,65.22,65.13,67.84,60.82,66.74,63.55,59.79,62.5,0,0,0,18
262,1,2,3,0,4,6,4,25,19,29,2,2,1,1,1,1,2,5,0,1,2,4,4,1.16,95,41,1,1,1,3,60000,51.37,65.75,53.41,49.68,53.68,66.02,66.81,42.2,53.28,67.96,67.54,52.97,0,0,1,31
263,0,1,3,1,6,6,4,20,17,36,2,2,2,1,1,1,1,5,3,0,2,4.33,4,0,94,12,1,1,1,2,30000,59.32,66.09,51.17,60.81,62.7,65.62,50.74,57.35,64.93,64.54,56.68,60.7,0,0,1,31
264,0,1,3,1,4,6,4,26,26,40,2,1,3,1,2,1,7,4,7,1,2,4.18,4,0,99,5,1,1,1,3,1.00E+05,59.77,57.32,59.03,54.97,58.42,56.76,61.43,54.08,61.41,59.46,61.06,60.03,0,0,0,30
265,1,1,3,1,5,6,4,23,25,29,3,2,1,0,3,1,4,4,7,1,2,4.25,4,1,NA,10,1,1,1,4,80000,70.55,75.04,73.67,71.94,67.86,69.07,69.5,61.63,68.09,70.69,69.35,68.47,0,0,0,32
266,0,1,3,0,4,6,4,22,30,41,3,2,1,1,2,0,6,7,2,1,2,5,4,0,96,6,1,0,2,3,40000,67.29,56.84,53.03,50.43,60.85,52.14,50.73,56.21,61.57,50.54,51.46,51.61,0,0,0,30
267,1,2,3,0,7,6,4,15,17,25,3,2,1,0,1,0,0,6,4,1,2,4.5,3,0,97,0,NA,0,1,4,45000,40.92,41.84,48.45,44.2,44.82,44.35,39.29,45.55,46.46,47.75,40.5,46.66,0,0,0,28
268,0,2,3,1,4,6,4,15,13,25,3,1,1,0,1,1,2,6,2,0,1,4,4,1,97,11,1,0,1,3,60000,70.55,62.48,65.25,62.83,66.05,59.44,60.06,66.88,66.33,61.9,59.84,68.96,0,0,0,21
269,0,1,3,1,5,6,4,21,35,43,3,1,1,0,2,0,5,5,3,1,2,4.64,4.29,0,98,14,NA,1,1,3,28000,64.22,55.62,52.23,63.48,58.93,53.69,53.21,70.84,56.06,52.4,59.26,62.35,0,1,0,28
270,1,1,3,0,5,6,4,25,27,37,3,1,1,1,2,1,5,7,4,1,1,4.5,4,2,95,14,1,1,1,3,1.00E+05,69.15,75.43,59.87,59.54,64.54,69.97,71.53,59.8,61.73,67.55,66.43,59.48,0,0,0,27
271,1,1,3,1,4,6,4,29,24,39,3,2,2,0,2,1,1,2,2,1,2,4,5,1,98,17,1,1,1,4,40000,54.65,55.36,51.69,51.77,63.01,59.89,57.21,60.88,61.78,61.52,50.84,52.93,0,1,0,25
272,0,1,3,0,4,6,3,20,18,33,3,2,1,0,1,1,5,4,3,1,1,4,5,1,98,17,NA,1,1,3,35000,51.74,55.8,59.57,65.97,58.51,59.14,58.84,63.7,64.08,64.76,62.13,70.04,0,0,0,25
273,0,1,3,0,4,6,4,20,21,29,3,2,0,0,2,1,4,7,2,1,2,4.5,5,1.5,95,14,1,1,1,3,30000,63.99,66.94,54.88,58.08,64.76,68.39,68.93,56.73,52.95,63.62,63.98,58.7,0,0,0,31
274,1,2,4,0,5,6,4,23,22,39,2,2,2,0,2,1,1,1,2,1,1,4,4,0,96,5,1,1,1,3,NA,56.49,65.54,60.92,59.25,56.03,63.45,57.38,59.96,58.62,62.35,62.84,64.46,0,0,0,24
275,0,2,4,1,5,6,3,15,20,23,2,3,4,2,3,0,1,1,0,1,2,4,3,0,95,8,0,0,2,3,30000,46.64,53.04,41.64,46.91,42.8,53.84,48.14,44.52,35.54,56.39,53.47,41.55,1,1,0,17
276,0,2,4,1,4,6,2,9,12,17,2,2,0,0,2,1,4,5,2,0,1,4.5,4.5,1,95,5,1,NA,1,4,NA,63.55,62.02,52.56,58.24,63.15,67.47,56.34,64.67,67.69,70.05,58.38,64.37,0,0,0,25
277,0,2,4,1,3,6,2,13,11,26,2,2,0,0,1,1,8,5,2,1,1,5,4,0,95,5,1,1,1,4,50000,51.96,52.36,47.24,52.23,54.05,53.57,51.62,50.01,63.68,61.64,60.58,67.22,0,0,0,26
278,0,2,1,1,4,6,1,12,26,28,2,2,1,0,1,1,6,7,5,0,2,4,4.99,0,95,6,1,1,1,4,50000,65.88,50.9,56.82,49.31,60.56,50.27,52.7,56.71,61.82,52.49,53.93,55.68,0,0,0,28
279,0,2,2,0,4,6,4,23,20,34,3,1,4,1,2,1,3,8,5,1,2,3.32,5,1,94,11,1,0,1,4,30000,66.85,75.05,65.2,71.21,67.3,69.54,70.36,68,68.09,70.16,67.72,70.04,0,0,0,26
280,0,1,1,1,5,2,4,20,29,35,3,1,5,3,2,1,3,5,4,1,1,5,4,0,95,10,1,1,1,4,75000,58.8,70.39,68.17,76.7,61.41,66.54,61.64,67.34,63.64,64.63,61.81,63.95,0,0,0,27
281,1,1,1,0,3,6,4,23,35,43,3,1,1,1,2,0,2,6,4,1,2,4,4,0,NA,8,1,1,1,4,1.00E+05,50.71,63.16,55.28,53.72,58.98,53.39,55.59,52.91,45.99,54.51,58.63,46.96,0,1,0,27
282,1,1,1,0,5,6,4,32,35,36,3,1,2,0,1,0,6,6,4,1,2,3.5,4,1,NA,8,1,1,1,4,1.00E+05,54.84,64.49,69.29,65.95,56.94,64.58,71.01,65.58,51.27,66.48,69.35,65.51,0,1,0,30
283,1,1,2,1,3,6,4,18,18,25,3,1,2,0,2,1,5,8,7,1,2,3.25,4,0,95,4,1,1,1,3,70000,70.55,63.7,59.49,70.56,65.89,64.97,58.92,67.74,67.36,62.24,62.71,64.1,1,0,0,25
284,1,1,2,1,3,6,4,23,35,43,3,1,0,0,1,1,0,7,3,1,2,3.25,4,1,95,4,1,1,1,4,150000,66.31,56.07,51.37,54.96,62.97,58.25,54.25,55.41,60.03,58.3,54.32,52.51,1,0,1,29
285,0,1,2,1,7,6,4,19,28,36,3,1,3,0,2,1,2,6,2,1,2,2.75,4,1,95,4,1,1,1,3,NA,67.53,75.04,72.3,62.47,63.44,67.97,69.31,58.57,65.43,67.18,67.54,56.75,1,1,0,25
286,NA,1,2,1,5,6,3,27,25,23,3,2,2,1,1,1,4,8,4,1,2,4.5,4,0,98,5,1,0,1,3,26000,58.81,52.27,57.73,64.21,63.07,54.42,53.38,62.52,63.71,51.35,50.15,59.43,0,0,0,30
287,0,3,3,0,3,3,4,24,21,25,1,2,1,0,2,0,2,6,3,0,1,4,4,0,NA,NA,0,1,1,2,45000,42.3,55,59.71,54.36,49.2,59.18,53.22,56.83,55.77,62.3,51.59,52.67,1,1,1,11
288,1,2,3,1,5,6,4,17,15,25,1,2,5,0,2,1,1,3,4,1,2,4,3,0,93,5,1,1,1,4,70000,70.55,67.64,69.47,62.89,65.71,69.09,68.63,59.01,60.28,63.57,62.55,64.07,0,0,0,28
289,0,2,3,1,3,6,4,30,29,41,1,2,3,1,2,0,7,4,1,0,2,4,3,0,93,5,1,0,2,3,NA,39.59,42.54,46.94,43.15,31.53,39.8,33.13,35.07,37.14,46.87,34.39,33.51,1,1,1,17
290,1,1,3,1,4,6,4,28,32,35,1,2,0,0,0,1,2,4,2,0,1,8,4.5,1,94,11,0,1,1,4,50000,61.86,63.74,49.56,NA,63.32,63.87,63.26,62.61,57.05,66.84,63.14,61.35,0,0,0,11
291,1,1,3,1,4,6,4,29,25,40,1,2,3,0,1,1,8,8,2,1,1,4.5,4.5,1,94,11,0,1,1,4,45000,69.15,73.35,62.56,NA,64.33,71.05,64.89,68.2,68.09,69.55,62.86,67.04,0,0,0,13
292,1,2,3,1,4,6,4,27,21,38,1,2,1,0,1,0,3,2,3,1,3,4,4,0,93,5,0,NA,1,2,45000,53.5,49.35,48.33,46.92,58.76,53.95,53.5,46.08,54.93,54.03,50.87,60.17,0,0,0,11
293,0,3,3,1,4,6,4,32,35,43,1,1,1,0,1,0,2,2,3,0,1,4,4,0,97,2,1,0,1,3,NA,51.82,51.88,56.93,42.87,40.91,53.07,52.51,47.51,56.15,48.84,55.27,47.79,0,0,0,20
294,1,2,3,1,5,6,4,26,26,33,1,2,0,0,1,1,3,4,5,0,2,4,3,0,NA,0,0,1,1,2,NA,46.85,51.3,40.37,51.76,51.81,52.22,48.59,48.21,55.31,55.5,41.13,53.54,0,0,0,11
295,1,2,3,1,4,2,4,18,16,33,1,2,1,0,1,0,2,3,1,0,1,4,4,0,93,6,0,0,1,2,25000,41.44,45.25,47.3,49.09,45.61,50.74,44.39,47.87,53.87,55.16,64.3,57.4,0,0,0,18
296,1,2,3,0,4,6,4,26,23,29,1,2,0,0,1,1,6,2,1,1,2,4,5,0,94,8,1,NA,1,1,25000,57.04,54.52,62.26,57.97,61.68,56.35,52.83,54.34,60.87,58.93,64.51,59.87,0,0,0,20
297,0,2,3,1,5,6,4,13,21,29,1,2,2,0,4,1,4,4,2,1,1,4,4,0,93,3,1,1,1,3,2.00E+05,54.93,50.01,42.52,44.62,58.96,58.28,45.45,46.16,52.85,58.45,45.06,47.82,0,1,1,23
298,0,3,3,0,3,6,4,32,26,21,1,4,0,0,2,0,1,0,0,0,3,4,3,0,93,1,1,0,1,2,50000,58.45,49.87,NA,NA,52.06,50.9,48.83,60.9,60.76,53.17,49.91,61.91,1,0,1,20
299,1,1,3,0,4,6,4,19,21,29,1,2,0,0,1,1,3,4,3,0,1,6,4,0,89,6,1,1,1,4,250000,57.18,64.64,62.26,62.73,63.77,66.76,66.92,70.84,65.98,65.89,60.55,66.98,0,0,0,17
300,1,2,3,0,4,1,4,19,30,37,1,2,1,1,2,0,3,1,5,1,2,4,3,0,95,5,1,1,1,2,40000,54.05,60.7,56.09,50.91,56.43,60.63,53.97,60.78,63.27,58.8,51.99,52.46,0,0,0,11
301,0,2,3,0,3,5,4,22,30,43,1,2,0,0,0,0,2,6,1,0,3,3,4,0,95,5,0,0,1,1,22000,41.24,48.65,44.7,40.74,45.11,51.99,45.09,51.79,39.9,53.2,43.26,42.62,0,0,0,8
302,0,3,3,0,4,6,4,26,35,29,1,2,1,0,2,0,4,2,2,1,1,4,5,1,91,2,0,0,1,4,1.00E+05,69.15,55.04,66.91,76.7,63.56,65.17,68.7,72.89,66.19,64.71,66.8,62.47,0,1,0,30
303,0,3,3,0,4,6,4,19,26,27,1,2,1,0,3,0,5,3,1,1,2,4.5,2,0,91,2,0,0,1,1,125000,52.28,42.99,60.09,47.39,53.18,50.05,53.19,49.43,50.54,46.28,53.03,46.05,0,0,0,3
304,0,3,3,0,4,6,4,23,15,28,1,2,1,0,1,0,0,1,4,0,2,4,3,0,92,6,1,0,1,4,95000,49.34,48.04,52.79,53.74,49.44,43.3,47.26,59.09,54.1,49.43,43.98,49.41,1,0,1,12
305,1,3,3,1,3,6,4,15,16,30,1,2,2,1,1,1,2,2,3,0,2,4.5,3,0,92,6,NA,1,1,3,35000,46.89,66.35,56.06,47.71,52.37,60.14,56.12,54.15,54.45,57.25,61.72,50.45,0,0,0,15
306,0,3,3,1,3,6,4,13,14,29,1,2,1,0,1,0,1,2,4,0,2,4,3,0,94,2,0,0,1,3,30000,48.1,52.28,49.87,36.74,54.76,47.11,50.22,47.46,44.29,48.07,54.46,38.7,0,0,0,8
307,0,2,3,1,4,6,4,13,18,33,1,2,1,1,1,0,3,3,2,0,1,5,4,0,93,4,1,0,1,2,30000,57.09,46.83,50.75,56.54,57.62,52.47,53.33,52.79,57.38,50.46,49.78,50.01,0,0,0,15
308,1,2,3,1,5,6,3,29,30,29,1,2,0,0,3,1,6,2,1,1,2,4,4,1,93,4,1,1,1,3,50000,69.15,68.57,67.71,56.96,61.86,68.19,63.49,58.69,63.49,64.53,61.46,53.78,0,0,0,28
309,1,2,3,0,4,6,4,17,28,40,1,2,2,0,2,1,2,3,6,0,1,4,4,0,93,4,1,1,1,3,52000,63.07,68.22,52.48,54.56,67.86,65.76,62.38,65.88,61.55,62.26,64.02,56.6,0,0,0,23
310,1,2,3,0,5,6,4,18,19,29,1,2,3,1,2,0,1,2,0,0,1,4.5,3.5,0,93,16,1,0,1,2,20000,58.47,60.22,59.09,58.72,64.68,58.09,63.71,63.9,60.94,57.83,61.19,58.8,1,0,0,21
311,1,2,3,0,4,6,4,29,35,43,1,2,5,2,2,1,3,7,1,1,3,4,5,1,93,16,1,1,1,4,60000,70.55,73.68,67.05,72.6,66.92,68.21,69.52,72.89,66.56,67.23,65.69,67.38,0,0,0,30
312,1,2,3,0,4,6,1,28,29,39,1,2,4,2,2,1,3,5,2,1,2,6,4,1,91,15,NA,1,1,2,60000,57.89,61.58,62.21,60.95,61.24,68.03,61.88,72.89,59.08,67.45,62.32,65.6,0,0,0,22
313,1,3,3,1,4,4,4,19,23,27,1,2,2,0,1,1,8,8,3,0,1,4,6,1,98,4,0,1,1,4,50000,59.72,62.47,61.45,68.36,64.91,60.24,48.47,64.58,57.98,62.89,46.46,66.73,0,0,0,6
314,0,3,3,1,4,6,4,23,28,36,1,2,1,0,1,1,6,3,2,0,1,4,5,1,98,4,1,0,1,2,20000,54.21,54.49,62.96,60.42,61.01,52.95,52.51,59.86,46.66,54.24,62.48,61.91,0,0,0,17
315,NA,3,3,1,4,6,4,21,16,25,1,2,2,0,2,0,5,3,1,1,2,4.5,4,0,NA,3,0,0,1,2,20000,52.01,52.13,61.08,50.05,55.76,46.56,59.86,42.68,51.94,49.41,63.68,46.83,0,1,0,22
316,0,3,3,1,6,6,4,17,22,32,1,2,1,0,2,1,2,1,0,0,2,4,4,0,NA,3,NA,0,1,4,250000,65.31,44.2,57.39,49.5,61.37,54.1,51.44,49.99,52.03,55.22,58.26,58.8,0,0,0,13
317,1,2,3,1,5,6,4,30,35,41,1,2,5,5,2,0,4,5,3,1,2,5,2,0,94,5,1,1,1,3,50000,65.69,68.45,58,56.15,65.26,64.08,64.35,62.55,63.66,64.97,57.63,51.18,1,1,1,18
318,0,1,3,1,5,6,4,32,35,43,1,2,1,0,1,0,4,7,1,0,3,4,3,0,84,6,NA,1,2,4,70000,54.26,49.4,55.24,55.76,51.79,49.67,54.84,58.1,53.12,50.43,48.33,51.93,0,0,0,17
319,0,2,3,1,2,1,4,19,35,29,1,2,1,0,0,1,2,2,0,1,3,4,4,0,NA,12,1,0,1,3,30000,62.73,58.74,52.89,69.58,61.73,53.58,58.55,60.27,64.76,55.8,64.27,59.59,0,0,0,15
320,1,3,3,0,6,6,4,21,21,43,1,2,1,0,1,1,2,2,1,0,2,4,5,1,96,3,1,0,1,2,80000,55.84,63.67,49.94,52.88,46.63,67.72,57.46,56.69,59.28,67.09,62.57,52.52,0,1,0,23
321,0,3,3,1,6,6,4,31,35,39,1,2,0,0,1,1,3,6,2,0,1,4,4,0,96,7,0,0,2,2,20000,64.65,54.98,51.42,54.51,56.83,53.43,44.98,47.58,53.93,51.83,43.68,47.47,0,0,0,19
322,1,3,3,1,4,4,4,24,29,31,1,2,1,0,1,0,0,0,3,0,2,4,3,0,94,5,1,0,1,2,32000,35.74,37.2,37.16,37.74,36.54,34.65,38.19,32.91,34.11,35.56,36.7,36.47,0,0,1,9
323,1,1,3,1,4,6,4,22,27,37,1,2,1,0,2,1,2,3,2,0,1,4,4,1,93,6,1,1,1,3,45000,59.9,67.94,62.32,61.23,63.97,67.47,61.66,63.91,63.54,64.41,61.19,67.06,0,0,0,20
324,0,1,3,0,4,6,4,28,23,43,1,2,2,2,2,0,1,1,0,0,2,5,4,0,94,6,1,1,1,3,50000,64.18,62.33,69.38,65.8,62.15,58.09,62.73,72.89,59.23,58.61,58.32,66.29,0,1,0,26
325,1,3,3,0,2,1,4,18,21,29,1,2,2,0,2,1,2,1,5,0,2,4,4,1,90,0,1,1,1,3,60000,62.43,62.84,63.12,76.7,63.75,60.84,62.66,64.11,58.4,64.44,64.02,62.12,0,1,0,26
326,1,3,3,1,4,6,4,8,0,15,1,2,2,1,1,1,2,2,1,0,1,4,4,0,95,0,0,1,1,3,40000,62.28,52.95,54.84,51,55.81,56.97,54.22,54.42,54.24,57.18,57.89,65.1,0,0,0,26
327,0,2,3,0,4,6,4,19,23,38,1,1,1,1,1,0,3,3,0,0,3,4,3.5,0,92,12,0,0,1,2,40000,42.06,54.78,58.23,48.88,47.75,57.57,60.19,51.12,46.66,58.57,60.67,49.83,0,0,0,10
328,0,2,3,0,3,NA,3,17,21,29,1,2,1,1,1,1,3,3,2,0,2,4,4,0,89,4,0,0,1,1,50000,50.18,52.12,47.37,52.73,42.15,53.5,47.75,46.72,45.33,51.93,59.23,56.84,0,0,0,11
329,1,2,3,0,3,6,4,18,23,31,1,3,1,0,1,1,3,3,2,0,2,4,4,0,89,4,1,1,2,4,60000,58.85,62.41,58.94,53.87,51.83,58.74,65.76,55.35,65.49,59.42,63.27,64.13,0,1,0,19
330,0,3,3,0,3,3,4,22,18,27,1,2,3,1,1,1,2,3,0,0,1,4,3,0,94,NA,0,0,1,1,40000,57.81,52.24,61.37,37.53,50.66,53.62,57.91,59.42,56.05,41.9,44.26,47.53,1,0,1,25
331,1,3,3,0,5,6,4,29,26,27,1,2,1,1,1,1,2,5,3,1,1,4.5,4,0,94,NA,1,1,1,2,50000,47.04,58.84,49.73,46.82,34.75,59.79,51.87,53.2,43.05,59.41,33.8,33.83,0,0,0,19
332,1,2,3,1,4,6,4,15,18,32,1,3,2,1,1,1,3,5,1,1,3,4,3,0,78,10,1,0,1,2,70000,57.53,45.83,48.21,47.3,60.91,51.02,50.11,42.76,51.37,56.47,49.39,46.87,0,0,0,19
333,0,1,3,0,9,6,2,31,18,29,1,2,0,0,1,1,4,5,3,0,2,5,5,1,90,8,0,1,1,3,45000,45.31,46.75,47.97,45.36,42.82,39.15,43.28,45.6,56.82,45.86,43.06,43.85,0,1,0,16
334,1,3,3,0,4,6,4,24,26,31,1,2,1,0,2,1,5,2,1,1,2,4,4,1,NA,2,1,1,1,3,60000,70.55,62.91,55.61,58.86,64.55,68.74,65.85,63.91,64.78,65.35,63.8,63.76,0,0,0,22
335,1,3,3,1,4,6,4,23,24,40,1,2,0,0,2,1,2,3,2,1,2,4,4,0,94,4,1,1,1,4,55000,64.6,66.72,53.06,64.78,66.52,65.41,59.69,61.47,66.25,63.4,61.41,61.17,0,0,0,19
336,1,3,3,1,4,3,4,32,22,31,1,2,1,0,2,1,1,5,1,0,2,3,3,1,89,1,1,1,1,4,70000,63.45,53.58,49.12,54.21,63.51,58.37,63.46,55.48,63.82,62.25,58.68,58.19,0,0,0,19
337,1,2,3,0,5,6,3,28,24,31,1,2,1,2,0,1,2,2,5,0,2,4,4,1,94,3,0,1,1,3,NA,64.56,56.78,55.53,63.27,47.45,57.1,48.37,54.98,56.38,60.68,51.71,62.02,0,0,0,19
338,0,1,1,1,4,NA,4,25,25,29,2,2,0,0,2,0,3,3,2,1,1,4,4.5,1,94,3,NA,NA,1,4,40000,58.33,62.14,71.66,58.56,61.62,60.93,70.36,58.39,56.24,59.66,66.04,56.15,0,0,0,30
339,1,2,4,1,4,6,4,29,17,25,2,2,1,1,2,1,2,2,4,1,1,4.5,4,0,95,10,1,1,2,2,27000,51.18,56.32,55.3,54.67,61.09,58.29,55.24,53.15,59.1,58.93,60,56.5,0,0,0,26
340,1,2,4,1,4,6,4,13,18,27,2,2,1,0,1,0,3,4,2,1,1,4,4,0,95,9,1,1,2,2,50000,53.52,57.73,49.21,48.98,62.41,57.95,46.01,48.34,48.76,57.46,52.89,44.22,0,0,0,16
341,NA,2,4,0,2,1,4,11,16,28,2,2,4,5,3,0,0,0,0,0,2,4,2,0,NA,9,1,0,1,2,35000,54.15,43.43,61.97,48.81,44.43,50.33,48.05,48.35,46.77,49.49,57.33,59.97,1,1,1,24
342,0,1,1,1,5,6,3,18,21,37,2,2,1,0,2,1,2,5,2,1,1,4,4,1,93,12,1,1,1,3,40000,65.13,72.6,58.18,60.93,67.86,68.94,55.55,71.89,64.5,66.28,51.11,64.66,0,0,0,26
343,0,2,1,1,6,6,4,22,14,33,1,2,1,0,2,1,2,4,5,1,2,4,5,0,95,5,1,0,1,2,NA,55.71,46.79,60.79,51.94,53.4,48.7,53.5,59.03,59.9,54.61,62.36,59.3,0,0,0,23
344,1,2,1,1,5,6,3,18,33,43,1,1,1,1,1,1,4,3,1,1,2,5.5,3.5,0,95,5,1,1,1,3,75000,66.85,77.2,62.83,65.81,67.55,67.99,69.51,68.18,63,66.55,67.26,67.3,0,0,0,27
345,0,3,1,1,4,6,4,25,27,36,1,2,1,0,3,0,5,4,4,0,1,4,4,0,93,11,1,0,1,2,50000,42.81,67.79,50.58,48.19,53.16,60.35,62.6,45.79,54.96,63.4,61.52,51.3,0,0,0,15
346,0,3,1,0,4,6,4,25,25,37,1,4,0,0,2,1,7,7,1,1,1,4,4,0,95,4,0,0,2,2,35000,58.87,51.65,51.51,57.49,57.47,56.24,58.22,59.11,58.14,58.61,58.85,56.89,0,0,0,9
347,1,2,1,1,5,6,4,13,15,24,1,3,0,0,1,0,3,3,1,1,2,5,4,0,93,5,1,0,1,1,NA,55.4,40.88,46.8,52.58,44.85,46.56,50.26,48.51,52.28,46.21,45.89,50.58,0,0,0,10
348,1,1,1,0,5,6,4,28,26,33,1,3,2,0,1,1,3,4,2,1,2,4,5,1,85,0,0,1,1,4,50000,60.02,54.39,53.71,71.94,66,52.99,62.29,63.11,52.45,56.81,58.14,66.79,0,1,0,9
349,0,2,1,1,5,6,4,22,24,22,1,1,2,2,1,0,0,2,5,0,2,4,3,0,93,2,1,NA,1,3,25000,45.52,42,45.09,45.98,45.11,42.39,43.24,48.78,41.61,47.73,40.4,40.53,0,0,0,15
350,1,2,1,0,4,6,4,20,25,43,1,2,2,0,2,0,2,1,4,1,3,4,3,0,96,4,0,NA,1,2,35000,43.73,68.57,59.61,63.43,47.87,67.24,63.58,54.33,52,65.05,66.01,64.88,0,0,0,19
351,0,2,1,0,4,6,4,26,35,43,1,2,5,1,1,1,2,4,5,1,2,3,3,0,95,8,1,0,1,3,150000,56.99,49.15,46.2,61.48,49.34,51.06,64.44,59.92,53.62,56.78,66.04,65.79,0,1,1,29
352,0,2,1,0,6,6,4,18,19,22,1,2,1,4,1,0,5,4,6,1,1,4.5,3,0,95,8,1,0,2,2,250000,38.22,45.37,56.95,67.72,37.53,46.66,53.44,50.18,49.68,39.28,54.22,63.41,1,1,1,27
353,0,2,1,1,3,2,4,23,31,27,1,2,1,0,4,0,3,3,0,1,2,4,2,0,95,8,1,1,1,1,15000,63.37,59.67,66.7,56.3,65.34,60.13,62.48,54.41,54.38,58.62,57.74,61.11,1,0,0,11
354,0,2,1,0,4,6,1,14,15,23,1,2,2,1,1,1,3,6,1,1,2,4,5.5,0,95,8,1,0,1,4,50000,70.55,61.32,67.79,56.84,65.1,65.28,62.42,58.52,65.89,62.32,65.01,53.53,0,0,0,29
355,0,2,1,0,5,6,4,29,23,33,1,3,3,1,0,0,2,3,5,1,2,4,2,0,95,3,0,0,1,2,45000,51.2,54.06,49.63,54.62,50.94,49.32,50.67,44.97,43.61,47.09,42.09,37.22,0,1,0,11
356,1,1,1,0,4,5,4,28,17,31,1,2,1,0,2,1,3,4,0,1,1,4,5,1,93,12,0,1,1,2,50000,53.08,58.13,64.89,54.04,55.84,61.41,57.99,54.63,54.05,61.99,61.1,55.96,0,0,0,4
357,0,2,1,1,4,6,4,15,13,27,1,2,1,1,2,1,2,7,4,0,2,4.5,4,0,92,16,1,0,2,4,45000,70.55,63.65,58.22,64.23,62.73,63.35,59.54,59.58,59.73,58.64,59.43,64.3,0,0,0,23
358,1,2,1,1,4,6,4,19,21,31,1,2,0,0,1,1,3,3,3,1,1,5,3,0,92,16,1,0,1,4,NA,70.55,73.33,67.15,74.06,68.8,69.41,67.92,66.67,63.6,67.92,67.19,62.9,0,0,0,29
359,1,2,1,1,5,6,4,19,24,30,1,3,0,0,1,1,1,4,0,1,2,4,4,1,NA,4,NA,1,1,1,0,57.45,59.37,54.25,49.7,58.74,60.88,53.07,50.27,59.82,56.65,53.38,50.22,0,0,0,15
360,0,2,1,0,6,6,4,22,26,35,1,2,0,0,0,0,4,8,6,1,1,4,4,0,97,4,1,0,1,2,50000,45.23,48.03,50.55,43.64,53.13,56.97,62.76,45.83,54.69,56.64,63.32,45.87,0,0,0,22
361,0,2,1,0,5,6,3,30,35,37,1,2,5,0,3,0,1,2,0,0,1,4,4,0,94,13,1,1,2,4,40000,49.11,52.09,57.18,58.25,47.82,63.51,64.1,60.68,44.75,59.23,44.75,61.13,0,0,0,14
362,0,3,1,1,6,6,4,19,18,23,1,2,0,0,0,1,1,4,1,0,2,3.5,4,0,NA,1,NA,0,1,2,NA,53.49,51.03,53.03,48.64,47.74,54.27,56.15,40.84,49.13,56.22,59.13,49.31,0,0,0,9
363,0,3,1,0,2,4,4,13,21,23,1,2,2,1,1,0,2,2,3,0,2,4,2,0,96,2,0,0,1,3,30000,51.37,54.87,52.79,56.9,53.08,57,50.28,55.96,50.11,53.48,65.51,55.27,0,0,0,8
364,1,3,1,0,4,6,4,20,21,29,1,1,0,0,2,0,3,5,3,1,1,4,4,0,90,4,1,1,2,2,35000,59.03,53.15,56.08,57.86,57.06,53.7,53.96,57.54,58.1,55.46,48.61,55.01,0,1,0,32
365,0,2,1,0,6,1,4,23,25,25,1,2,2,0,1,0,1,2,4,0,2,4.5,5,0,90,0,1,1,1,2,30000,49.72,56.08,51.32,43.12,53.9,55.02,55.56,56.68,43.05,56.03,56.16,47.11,0,0,1,11
366,0,2,1,1,5,6,3,22,18,25,1,2,1,0,2,1,2,7,3,0,2,3,4,1,94,11,NA,1,1,4,2.00E+05,63.52,68.95,64.25,62.27,59.4,67.15,68.99,72.89,65.51,68.25,64.67,66.27,0,0,0,23
367,0,2,1,1,4,6,4,21,18,28,1,2,0,0,1,0,2,3,1,1,1,5,4,0,94,11,1,0,1,2,45000,59.7,50.86,50.27,48.84,62.23,59.03,58.21,52.63,60.78,61.47,58.45,47.28,0,0,0,19
368,0,2,1,0,6,NA,4,20,21,27,1,3,1,0,1,0,2,4,4,1,2,5,3,0,95,6,NA,NA,2,3,45000,40.99,46.97,41.26,42.52,39.47,49.67,34.7,41.4,34.92,55.21,42.17,44.59,0,0,0,30
369,1,2,1,1,4,6,2,29,29,33,1,2,0,0,0,1,3,7,2,0,2,4,4,0,95,6,1,0,1,3,30000,65.47,58.94,44.18,46.13,47.96,58.34,36.13,42.57,56.8,58.77,47.96,44.97,0,0,0,11
370,0,2,1,1,6,6,4,19,16,23,1,2,1,0,2,1,2,5,1,1,2,4.5,4,0,92,8,1,1,1,3,50000,45.86,53.54,41.06,62.04,53.24,45.27,48.27,54.53,51.33,42.9,44.01,52.56,0,0,0,18
371,0,2,1,1,3,6,4,16,15,28,1,2,1,0,4,0,4,6,5,0,2,4,3,0,93,0,NA,1,2,3,50000,64.89,65.32,69.15,59.73,66.83,64.49,67.22,62.11,61.5,64.47,NA,NA,0,0,0,12
372,1,2,1,1,5,6,4,18,18,39,1,2,3,1,3,1,2,3,2,1,1,4.5,4,1,93,0,1,1,1,3,40000,58.87,73.47,59.81,62.24,63.31,67.99,64.12,64.28,66.24,69.38,52.69,61.3,0,1,0,25
373,1,2,1,0,4,6,3,28,18,21,1,2,0,0,0,1,6,7,2,1,2,4,4,1,93,0,1,1,1,2,NA,67.1,68.92,62.16,67.64,66.52,67.22,69.22,72.89,63.69,65.61,68.29,68.62,0,0,0,23
374,0,2,1,1,5,4,4,27,33,38,1,2,4,1,1,0,1,2,3,0,1,4.5,3.6,0,92,0,0,0,1,2,NA,48.59,44.8,43.12,49.39,45.6,46.23,41.85,50.44,48.12,50.9,35.89,39.48,0,0,0,21
375,NA,3,1,0,7,6,1,29,25,27,1,3,1,0,1,0,2,3,3,0,2,3.5,4,0,NA,0,NA,NA,1,2,35000,42.9,40.53,54.99,54.26,48.45,48.14,53.42,54.95,41.53,49.38,54.26,53.34,0,0,1,3
376,1,3,1,1,3,1,4,15,17,25,1,2,2,0,2,0,4,4,4,0,2,4,3.5,0,NA,0,1,1,2,2,35000,53.51,63.2,49.05,62.4,51.45,58.99,66.55,63.26,55.15,57.86,67.26,59.1,0,0,0,19
377,0,2,1,1,3,6,2,17,18,25,1,3,3,2,2,NA,2,3,1,0,2,4,4,0,96,11,1,1,1,3,35000,50.23,45.7,41.82,49.9,52.29,51.52,43.54,50.63,52.1,50.99,38.1,51.19,0,1,0,19
378,1,2,1,0,5,NA,2,15,17,21,1,2,3,2,1,1,4,4,5,1,2,2.5,3.5,0.5,92,9,NA,NA,1,4,30000,70.55,63.74,71.98,67.16,67.3,62.98,69.23,68.38,66.33,63.3,66.09,61.63,0,0,0,26
379,1,2,1,0,5,3,4,15,19,30,1,1,1,0,2,0,2,2,0,0,2,4,5,1,NA,NA,1,0,2,2,35000,67.97,73.8,74.32,70.56,64.57,68.05,68.97,62.98,64.72,66.72,68.24,64.01,0,0,0,19
380,1,2,1,1,5,6,3,30,27,41,1,2,5,0,1,0,2,7,7,1,2,3.5,4,0,90,16,1,NA,1,3,60000,57.62,54.07,58.89,49.88,63.06,62.33,50.44,52.69,60,60.89,59.74,45.09,0,0,0,22
381,1,2,1,1,4,6,4,32,30,38,1,1,1,1,2,1,2,5,3,1,1,4.5,4,0,NA,14,1,0,2,4,55000,60.7,57.15,48.22,58.15,63.06,66.12,57.02,54.44,60.17,63.23,56.67,57.01,0,0,0,27
382,1,2,1,1,6,6,3,28,33,40,1,2,2,2,1,1,2,6,5,1,1,5.5,5,1,NA,14,1,1,1,3,70000,67.97,74.04,66.64,59.9,66,71.05,71.72,68.2,66.26,70.24,66.89,62.7,0,0,0,30
383,0,2,1,1,5,6,4,13,17,25,1,2,5,3,2,0,8,6,0,0,2,4,4.5,0,NA,2,0,0,1,3,35000,56.55,62.1,62.85,58.06,57.39,57.45,55.66,61.35,61.83,54.99,64.45,56.98,0,0,1,13
384,1,2,1,1,6,6,4,15,21,37,1,2,1,0,2,1,3,5,2,1,2,4.5,4,0,96,7,1,1,2,3,30000,60.87,67.14,67.21,55.92,64.43,66.46,58.77,61.46,61.76,67.81,60.77,60.96,0,0,0,22
385,0,2,1,1,5,6,4,29,21,33,1,3,2,0,3,0,3,2,2,1,1,4.5,3,0,94,0,0,NA,1,1,25000,59.25,47.32,40.84,42.74,54.55,50.37,44.99,46.41,52.02,50.07,42.84,41.13,0,1,0,18
386,0,3,1,1,5,6,4,14,11,23,1,2,2,1,3,0,1,3,3,1,1,4,4,0,92,0,0,0,1,3,30000,53.51,49.25,47.5,52.8,51.89,49.78,49.74,46.44,42.23,42.76,46.08,40.52,0,0,0,26
387,1,3,1,0,5,6,4,25,16,25,1,2,2,1,2,0,3,3,5,1,1,4,4,0,94,10,NA,1,1,3,40000,62.52,59.93,49.18,53.68,56.96,62.33,70.18,56.31,61.17,63.71,64.86,58.92,0,0,1,19
388,1,2,1,1,4,6,4,0,9,25,1,4,2,3,2,0,5,1,0,1,2,4,3.5,0,92,7,1,1,1,2,30000,43.71,60.8,34.94,41.19,45.29,57.21,46.41,40.87,58.32,57.02,59.72,50.17,1,1,1,23
389,0,2,1,0,2,1,1,18,19,27,1,2,2,1,2,0,3,4,2,0,2,4.5,4,0,93,14,1,0,1,2,70000,51.05,55.31,35.53,52.8,58.58,53.32,48.6,49.26,47.89,52.91,50.54,52.58,0,0,0,19
390,1,2,1,0,5,6,4,29,23,38,1,2,1,0,1,1,4,5,3,0,1,4,4,1,85,10,1,1,1,4,40000,66.3,67.34,77.68,63.15,59.7,62.7,71.03,69.88,64.7,62.01,62.17,61.88,0,0,0,17
391,0,2,1,0,4,6,4,28,25,37,1,1,0,0,2,0,3,2,2,0,2,4,4,0,85,10,1,1,2,4,35000,47.46,65.55,57.18,51.82,51.86,61.59,58.05,56.81,53.33,66.62,64.52,52.1,0,0,0,14
392,0,2,1,0,4,6,4,24,16,34,1,2,0,0,2,0,2,2,0,1,3,4,5.99,0,85,10,1,1,1,3,40000,41.71,38.81,49.71,49.9,38.4,41.26,39.98,45.68,53.45,42.93,50.69,49.86,0,0,0,25
393,0,3,1,0,9,6,4,17,14,28,1,3,2,1,2,1,2,3,0,1,1,4,4,0,NA,2,NA,0,1,2,40000,58.46,58.79,56,67.48,66.6,56.02,67.62,66.22,57.49,62.67,60.75,62.5,0,0,0,25
394,1,3,1,1,4,6,4,12,26,35,1,2,4,0,4,1,1,2,2,1,2,4.2,3,0,NA,2,1,1,1,2,35000,70.55,59.36,67.56,55.92,68.8,60.26,63.76,63.35,64.8,57.64,53.55,60.32,0,0,0,15
395,1,3,1,1,3,3,3,21,23,29,1,2,0,0,1,0,3,7,1,0,1,4,3,0,95,9,0,0,1,3,40000,53.27,49.61,37.99,49.18,48.67,54.85,53.05,58.81,58.84,57.83,62.08,56.5,0,0,0,19
396,0,2,1,1,4,6,4,29,23,28,1,2,4,4,4,1,6,2,4,1,2,4,4,0,43,9,1,0,1,3,65000,57.29,58.25,51.11,56.86,61.28,58.53,57.01,50.75,63.2,52.87,55.94,61.57,0,0,0,20
397,1,2,1,0,4,6,4,27,29,38,1,1,0,0,2,1,2,6,2,1,1,4,3,1,93,NA,1,1,1,3,40000,70.55,72.14,80.01,73.26,67.86,71.05,72.48,70.84,66.19,70.42,70.6,70.04,0,0,0,24
398,0,3,1,1,7,6,4,15,19,29,1,2,4,1,2,0,2,3,1,0,1,4.5,3,0,90,0,1,0,1,3,40000,48.25,52.13,56.83,52.2,47.54,55.58,48.38,46.45,51.68,51.42,48.03,43.13,0,1,1,11
399,1,2,1,0,5,6,4,22,28,37,1,1,1,1,1,1,2,3,1,1,2,4,4,0,89,0,1,1,1,4,35000,66.85,69.13,69.56,65.96,67.86,65.74,63.68,64.45,64.9,63.52,67.52,62.64,0,0,0,12
400,1,2,1,1,6,6,4,23,27,27,1,3,2,0,2,0,3,2,2,0,2,4,3,0,92,0,0,1,1,1,28000,63.63,63.69,61.62,55.73,64.09,62.23,61.1,64.07,60.1,60.04,61.64,61.47,0,0,0,10
401,0,2,1,0,4,6,4,15,18,27,1,2,1,1,0,0,6,7,5,0,3,4,4,0,94,7,1,0,1,3,60000,46.9,62.26,61.73,53.97,42.92,59.68,57.2,49.09,40.57,62.79,55.7,39.99,0,0,0,16
402,0,3,1,1,5,6,4,22,26,36,1,1,0,0,3,0,6,7,0,0,2,4,1.5,0,92,2,1,0,1,4,NA,43.77,44.68,45.84,48.18,42.54,50.1,52.27,46.97,48.79,44.24,50.88,45.4,1,1,1,14
403,1,2,1,0,5,6,3,27,30,39,1,1,2,1,1,1,3,8,0,0,1,4,4,1,93,13,1,1,1,4,1.00E+05,69.15,77.2,77.76,66.44,66,71.05,68.88,66.88,67.38,69.37,70.6,68.62,0,0,0,28
404,1,2,1,0,4,6,4,24,33,43,1,2,3,2,4,1,2,1,7,0,1,4,3,0,80,0,0,1,1,3,55000,50.14,59.4,50.22,51.12,57.05,59.98,58.8,47.37,49.89,58.16,54.62,52.53,0,1,0,21
405,1,3,1,1,4,6,4,5,11,19,1,1,1,0,0,0,2,2,1,1,3,4,2,0,96,0,1,1,1,3,0,59.61,60.43,48.9,57.08,54.78,58.82,50.06,61,66.52,56.77,47.13,62.82,0,0,0,14
406,1,2,1,1,5,6,3,19,19,31,1,2,2,1,1,1,4,6,4,0,1,5.5,4.5,1,90,13,1,1,1,4,60000,70.55,65.43,69.53,74.06,64.66,62.22,62.59,65.4,57.26,53.09,63.51,65.9,1,0,1,27
407,0,3,1,1,3,6,4,16,9,20,1,1,0,1,1,0,3,4,2,0,2,5,4.5,0,94,0,NA,0,1,3,35000,66.71,55.01,59.62,64.61,66.95,53.1,60.98,61.74,66.19,60.71,67.6,60.34,0,0,0,13
408,0,2,1,0,3,3,4,27,24,35,1,2,1,1,2,0,3,2,3,0,1,4,5,0,92,4,0,1,3,2,1.00E+05,37.41,53.81,43.38,32.05,43.38,58.98,54.68,60.29,42.83,60.5,55.71,56.69,0,1,0,10
409,0,2,1,1,4,6,2,13,13,23,1,3,5,1,1,0,1,1,1,1,2,4,4,0,90,12,1,1,1,3,75000,47.61,49.63,43.13,29.2,48.36,51.48,46.27,47.93,52.7,56.86,47.74,36.01,0,0,0,26
410,0,2,1,1,6,6,3,21,20,29,1,2,3,2,2,1,5,5,2,1,2,4.5,5,1,90,12,1,0,1,4,45000,64.58,62.16,62.19,69.51,66.12,60.97,49.65,68.37,63.73,63.49,56.07,70.04,0,0,0,25
411,0,2,1,0,5,6,4,21,25,39,1,2,2,1,1,1,0,5,4,1,2,4.5,4,0,90,12,1,0,2,3,35000,57.21,60.34,56.48,58.25,62.03,57.66,65.99,67.4,54.93,64.08,60.16,54.41,0,0,0,28
412,0,2,1,1,5,6,4,19,18,11,1,2,3,0,2,0,1,2,2,0,2,4,4,0,90,12,0,0,1,2,50000,59.54,51.34,57.13,48.65,60.35,55.67,54.48,67.4,58.97,53.84,49,49.49,1,0,0,22
413,0,2,1,1,4,6,4,32,35,31,1,3,5,1,2,0,7,4,4,0,2,3,2,0,94,3,1,0,2,2,60000,47.75,43.5,57.85,49.55,55.52,53.22,51.52,59.82,60.67,50.44,50.76,62.44,0,0,1,12
414,1,2,1,0,7,6,4,17,21,29,1,2,2,0,3,1,2,2,4,1,1,4,5,1,94,3,1,1,1,4,60000,57.61,68.18,62.69,62.04,54.99,62.97,57.93,56.92,54.27,67,55.91,58.72,0,1,0,25
415,0,3,4,0,7,6,4,24,23,43,1,1,1,1,2,0,2,3,2,0,2,4.5,4,0,95,0,1,1,1,2,75000,62.95,55.86,66.8,47.12,64.31,59.42,61.92,57.72,60.11,59.03,60.98,64.67,0,1,1,13
416,1,3,4,0,3,6,4,25,23,0,1,1,0,0,0,1,2,2,3,1,2,4.5,3.5,0,95,0,1,1,1,4,40000,52.07,56.82,56.89,53.05,58.61,59.22,64.1,57.49,58.01,59.26,65.44,65.93,0,0,0,19
417,1,3,4,1,4,NA,4,5,10,16,1,2,3,2,2,0,8,7,1,0,4,4,1.5,0,95,5,NA,NA,1,1,28000,51.16,48.64,39.42,48.01,47.21,43.3,38.93,42.05,41.96,43.83,42.03,36.37,1,0,1,12
418,1,3,4,1,6,6,2,20,21,27,1,2,0,0,1,1,3,2,3,0,2,4,3.5,0.5,94,0,0,0,2,2,25000,60.66,46.37,45.67,52.14,62.41,52.27,47.57,52.17,57.98,53.32,43.42,60.3,1,0,0,15
419,0,3,4,1,5,6,4,18,9,23,1,2,0,0,5,1,5,4,3,1,1,4,4,1,94,0,0,0,1,3,30000,57.16,48.33,46.6,49.03,53.46,45.47,42.4,45.61,52.89,47.24,48.98,48.32,0,0,0,13
420,0,1,4,0,4,6,2,18,17,27,1,3,4,1,0,0,2,2,0,1,2,5,3,0,93,13,1,0,1,1,30000,45.18,49.15,43.05,34.82,33.97,44.8,40.33,34.69,36.38,46.23,47.06,42.81,0,0,0,20
421,0,2,4,0,5,6,4,21,19,28,1,2,2,1,1,0,3,2,6,1,2,3.75,3,0,90,19,1,0,1,2,45000,47.41,42.95,45.86,44.64,47.59,48.54,48.57,44.46,43.16,47.85,51.74,50.04,0,1,0,19
422,1,2,4,1,7,6,4,24,35,37,1,2,2,1,2,1,3,3,1,0,1,4,3.5,0,90,19,1,1,1,1,12000,59.12,63.64,53.55,53.48,62.42,54.26,56.95,52.46,53.93,54.4,44,55.84,0,0,0,26
423,1,1,4,0,7,6,3,24,19,37,1,2,4,1,1,1,4,8,4,1,1,4.5,4,1,92,20,0,0,1,3,75000,50.2,71.35,57.67,69.75,60.56,68.75,67.93,69.25,61.74,69.84,65.19,68.47,0,0,0,25
424,0,1,4,1,5,6,4,23,21,38,1,2,5,3,3,0,3,3,0,0,2,4.5,2.5,0,97,0,1,1,1,2,50000,64.53,48.84,51.71,62.57,63.07,43.07,50.78,54.95,60.53,47.53,49.5,56.8,0,0,1,19
425,0,1,4,1,3,NA,4,17,11,27,1,2,1,0,2,0,8,5,0,0,2,3.5,3,0,97,0,1,0,2,4,40000,52.51,54.98,46.52,42.12,48.87,52.98,45.7,48.55,54.6,50.38,42.51,49.91,1,0,1,17
426,1,2,4,0,5,6,4,13,19,31,1,2,1,1,1,1,3,2,2,1,4,2.5,2,1,95,9,1,1,1,3,50000,69.15,71.85,74.62,55.16,64.8,69.97,70.78,53.9,61.61,66.55,69.85,61.49,0,0,0,31
427,1,2,4,0,3,6,4,25,19,27,1,2,1,0,1,1,4,4,0,1,2,4,2,0,91,80,1,1,1,3,1.00E+05,60.27,63.34,73.78,63.89,59.4,54.1,63.25,69.88,54.96,52.81,60.85,63.28,1,0,0,16
428,1,1,4,1,5,6,4,28,27,41,1,2,3,0,2,1,3,5,3,1,1,4,4,1,93,6,1,1,1,3,40000,70.55,74.19,56.99,50.76,62.94,70.09,62.99,62,62.93,68.95,59.91,63.2,0,0,0,20
429,1,1,4,1,6,6,4,22,18,32,1,1,5,1,3,1,2,3,2,1,2,5.5,4,1,96,7,0,1,1,4,40000,57.61,61.34,53.22,55.42,65.84,66.94,64.51,66.88,62.26,67.32,64.25,59.9,0,0,0,16
430,1,1,4,0,5,6,4,19,18,25,1,2,5,2,2,0,2,2,4,0,2,5,3,0,96,7,1,1,1,3,35000,59.93,56.63,49.62,54.53,60.64,54.1,63.96,58.79,58.56,53.06,56.59,54.94,0,1,0,20
431,1,1,4,0,6,6,4,24,26,31,1,2,4,2,1,1,3,2,0,1,2,5,3,0,96,7,1,1,1,2,30000,66.05,74.29,80.01,58.52,67.86,71.05,71.72,71.12,67.02,68.37,64.38,67.27,0,0,0,22
432,0,2,4,1,5,6,3,21,24,38,1,2,3,1,1,NA,2,2,2,1,2,4.5,3,0,NA,10,1,1,1,3,25000,69.15,62.78,62.01,69.66,64.78,55.53,67.92,63.05,67.69,57.03,60.98,67.74,0,0,1,25
433,1,3,4,1,5,6,1,13,35,29,1,2,2,0,2,0,8,3,2,0,1,4.5,3,0,95,5,1,0,2,4,25000,53.31,47.39,51.75,57.46,54.35,51.72,47.75,54.83,44.13,50.22,56.49,49.26,0,0,1,6
434,1,2,4,0,4,6,4,19,28,43,1,2,1,0,1,1,3,2,2,1,2,3.5,4,0,95,7,1,0,1,3,50000,51.52,77.2,65.76,65.44,66.63,68.31,68.58,65.42,61.86,69.62,62.28,68.28,0,0,0,20
435,1,2,4,1,5,6,3,22,9,29,1,2,1,0,1,1,5,4,2,0,2,4.5,4.5,1,95,7,1,1,1,2,NA,70.55,61.06,63.79,57.36,61.5,62.36,48.71,58.03,60.08,63.09,61.11,60.84,0,0,0,18
436,1,3,4,1,4,6,4,20,23,25,1,2,5,4,0,0,7,4,4,0,1,4,4,0,94,0,0,1,1,3,40000,57.4,56.17,58.63,52.68,47.97,50.93,50.54,43.87,47.62,56.61,54.46,53.19,0,1,0,21
437,1,3,4,1,4,6,4,26,21,25,1,2,0,0,3,1,4,5,4,1,2,4.5,4.5,1,96,14,NA,1,2,3,60000,61.99,67.77,57.75,55.64,59.77,65.13,68.54,64.41,66.26,65.44,66.15,67.22,0,0,0,24
438,1,2,4,0,7,6,4,17,17,35,1,2,4,2,1,0,3,3,3,1,2,5,3,0,90,14,1,1,2,2,80000,58.08,66.25,67.31,63.37,59.91,64.48,59.64,65.61,58.65,61.16,65.72,57.42,0,0,0,27
439,0,3,4,1,5,6,1,15,21,27,1,2,3,0,4,0,2,0,0,0,3,3,4,0,98,11,NA,0,1,1,NA,47.59,40.51,47.1,47.06,49.01,37.33,NA,NA,45.92,37.47,43.61,44.17,0,0,0,4
440,0,3,4,1,4,NA,2,26,22,35,1,3,3,0,1,1,3,3,5,1,2,3,4,0,98,11,NA,NA,1,3,40000,53.99,42.5,44.91,43.81,53.68,47.74,NA,NA,46.96,48.83,43.96,50.77,0,0,0,15
441,1,3,4,0,5,6,4,26,33,41,1,2,0,0,0,0,8,3,2,0,2,5,4,0,NA,1,0,0,1,3,35000,64.64,60.81,68.57,66.95,62.85,62.37,71.72,67.84,65.65,68.3,70.6,68.43,0,0,0,21
442,0,3,4,0,4,5,4,19,24,32,1,2,0,1,2,0,3,2,2,0,2,5,3,0,NA,1,1,0,1,2,40000,57.92,51.35,56.03,62.79,59.72,57.25,62.9,56.31,60.15,61.25,58.66,63.47,0,0,0,16
443,1,2,4,0,5,6,4,24,31,43,1,2,2,2,1,1,6,3,4,1,4,2.5,2,0,95,9,1,1,1,3,80000,63.36,66.71,59.52,71.87,63.88,63.75,64.07,56.14,61.34,62.78,65.13,66.71,0,0,0,24
444,1,3,4,0,3,1,4,20,19,34,1,2,2,1,2,0,2,2,1,0,3,5,3,0,97,1,0,1,1,1,50000,37.64,50.71,49.19,46.26,43.16,46.99,46.47,48.74,47.95,41.99,50.43,47.31,0,0,0,14
445,0,3,4,0,6,6,4,23,29,41,1,2,1,0,2,1,2,3,4,0,2,5,3.5,0,97,1,0,1,1,2,NA,47.83,54.97,46.61,56.1,59.42,57.14,57.27,55.03,54.98,58.99,50.59,56.73,0,0,0,27
446,0,1,2,0,4,1,4,18,31,39,1,2,0,0,0,0,8,5,2,0,2,3.63,3.96,0,95,6,1,0,1,2,35000,44.75,45.43,55.82,44.85,41.49,49.15,55.61,47.69,39.76,51.24,63.25,53.59,0,1,0,17
447,0,1,2,1,3,6,4,14,31,33,1,2,1,2,1,0,7,2,2,1,2,3.63,2.97,0,95,6,0,0,1,2,25000,69.15,60.69,57.81,68.89,60.12,52.7,47.38,57.77,54.24,56.43,49.63,61.72,0,0,1,8
448,0,3,2,1,5,6,4,19,19,23,1,1,4,2,2,1,2,2,2,0,2,4,5,0,94,12,NA,0,3,2,30000,52.34,56.28,54.94,60.83,61.13,59.34,59.4,54.21,57.45,58.25,45.54,63.47,1,1,1,11
449,1,2,2,0,4,6,4,13,7,19,1,2,1,2,3,1,4,1,5,0,2,4,3,0,90,0,0,1,1,4,45000,70.55,68.56,76.08,63.64,66.92,63.51,71.05,66.16,53.92,59.05,66.49,61.98,0,1,1,15
450,0,3,2,1,3,6,4,17,19,27,1,3,1,0,2,0,2,2,2,0,2,4,2,0,94,13,NA,0,1,1,30000,46.43,40.24,40.2,45.07,47.49,41.44,38.1,47.15,50.71,39.4,38.88,53.1,0,1,0,14
451,0,3,2,1,5,6,4,17,19,27,1,3,0,0,1,0,3,2,2,0,2,4,4,0,97,0,0,0,1,2,35000,56.14,61.25,55.94,51.11,64.62,59.86,56.96,51.81,59.47,65.47,62.68,50.18,0,0,0,17
452,1,3,2,1,4,6,4,19,18,27,1,2,3,0,2,0,3,5,2,0,2,5,4,0,94,3,NA,0,1,2,60000,48.84,56.78,50.91,46.41,46.49,54.95,60.75,50.26,48.76,53.7,55.52,43.82,0,0,0,17
453,1,2,2,1,4,1,4,17,19,23,1,2,1,0,1,1,6,6,3,0,4,3,3,0,95,2,1,0,1,3,35000,65.94,64.24,57.98,54.87,57.18,64.15,58.85,57.3,62.77,61.57,62.49,55.05,0,0,0,26
454,0,2,2,1,5,6,1,15,17,27,1,2,3,1,1,NA,8,5,1,0,4,3,3,0,95,2,1,0,1,2,40000,47.97,40.47,40.92,41.77,55.53,43.6,56.14,56.93,57.41,44.49,55.49,53.16,0,0,0,23
455,0,3,2,1,4,6,4,22,23,27,1,2,0,0,2,0,3,3,2,1,1,4.5,3,0,95,15,1,0,1,3,25000,66.3,62.49,56.64,67.9,64.44,62.73,67.88,69.93,67.45,59.32,66.49,70.04,0,0,0,26
456,1,1,2,1,4,6,4,19,19,29,1,2,0,1,3,0,3,2,1,0,3,4,3,0,96,1,1,1,1,2,NA,60.42,68.76,56.7,45.47,56.71,59.43,55.25,47.43,50.81,56.37,54.68,42.17,1,0,1,18
457,0,2,2,0,3,6,4,17,21,29,1,2,2,0,2,0,2,3,0,0,2,7.5,4,0,94,10,1,0,2,2,50000,53.57,54.4,63.21,62.97,58.94,54.3,60.45,64.63,63.64,62.92,62.17,55.62,0,0,0,17
458,0,3,2,0,5,6,4,15,21,27,1,2,1,0,0,0,2,2,0,0,3,3.5,4,0,98,0,1,1,1,1,35000,46.66,61.06,57.8,52.33,56.62,62.64,54.68,50.8,45.8,50.86,46.62,34.04,0,0,0,10
459,0,3,2,0,3,6,4,5,18,25,1,2,2,2,1,0,3,1,5,0,2,3.5,3,0,98,0,0,0,1,2,30000,56.78,50.99,53.83,55.5,59.83,52.3,62.27,57.99,39.8,44.32,31.95,32.64,0,0,0,12
460,1,3,2,1,4,6,4,15,23,37,1,2,0,0,2,0,5,6,4,1,1,4,3,0,92,0,0,1,1,2,40000,45.16,41.58,48.56,51.8,42.24,44.31,45.31,50.73,40.68,45.28,49.39,46.3,0,0,0,19
461,0,2,2,0,6,6,4,30,30,39,1,2,1,1,2,1,2,0,2,0,4,3,2,0,95,2,0,0,1,1,20000,43.11,38.98,44.16,56.96,48.43,40.89,51.01,52.87,44.29,39.83,47.63,43.81,0,1,0,10
462,0,3,2,1,4,6,4,17,20,23,1,2,0,0,2,0,8,2,3,0,3,4,4,0,92,3,0,0,1,3,30000,48.29,50.84,44.72,46.05,45.49,56.43,44.82,45.77,45.6,54.94,40.65,52.35,0,0,0,14
463,1,3,2,0,4,6,3,25,17,31,1,2,2,0,3,0,8,4,3,0,2,3.76,2,0,92,3,NA,1,1,4,NA,69.15,60.68,64.29,65.13,67.86,64.1,68.3,66,65.88,53.65,60.55,69.13,1,1,1,24
464,1,3,2,0,4,6,4,17,13,17,1,2,4,0,2,0,3,2,4,0,3,4,4,0,95,0,0,1,1,2,40000,60.48,60.16,69.85,68.36,63.44,61.81,63.43,69.53,60.88,65.78,60.66,67.06,0,0,0,16
465,0,3,2,1,5,6,3,15,18,25,1,2,0,0,1,0,5,2,4,0,1,4,4,0,95,0,0,0,1,3,30000,44.99,54.4,54.03,51.15,41.09,52.76,51.29,54.85,49.58,57.08,57.19,49.01,0,0,0,7
466,0,3,2,1,3,6,4,9,4,17,1,2,0,0,2,0,7,5,4,0,2,5.5,3,0,98,1,0,1,1,3,35000,61.72,62.08,51.63,60.02,60.73,61.26,61.31,53.29,53.34,59.58,47.69,50.4,0,0,0,6
467,0,3,2,0,5,6,4,32,32,43,1,1,2,0,2,0,3,2,4,0,2,4,4,1,94,NA,1,0,1,3,25000,54.43,66.21,57.23,67.35,65.84,59.04,59.94,69.4,63.13,63.11,59.75,64.77,0,0,0,12
468,0,3,2,0,5,6,4,18,19,29,1,2,1,0,4,1,2,3,3,0,2,4,2.75,0,94,NA,1,0,1,1,20000,60.34,52.37,49.39,58.35,56.6,58.57,65.79,60.51,42.87,52.21,53.08,55.78,1,1,0,8
469,0,3,2,1,5,6,4,15,14,23,1,2,1,0,2,0,3,4,6,0,3,6,2,0,92,0,NA,1,1,2,25000,46.38,47.79,53.14,43.59,48.89,47.01,43.35,47.08,46.2,48.29,49.15,43.85,0,1,0,13
470,0,2,2,0,4,6,4,23,26,29,1,2,1,0,2,1,6,5,5,0,4,4,2,0,92,2,1,0,1,3,30000,70.55,59.61,77.72,62.16,65.89,63.01,67.19,67.76,62.17,60.75,68.29,62.43,0,0,0,24
471,0,2,2,1,4,6,3,21,21,31,1,2,0,0,0,1,8,8,4,1,1,4,4,0,92,2,1,0,1,3,35000,60.52,54.46,55,53.96,62.38,59.14,62.67,68.62,59.16,64.95,64.48,59.49,0,0,0,17
472,0,2,2,0,3,6,4,21,26,35,1,2,0,0,2,0,7,8,6,1,2,7.5,3.5,0,92,2,1,0,1,3,30000,67.97,65.97,67.7,60.82,68.8,67.68,67.79,68.11,63.74,63.81,64.48,63.55,0,0,1,23
473,0,3,2,1,4,6,4,17,26,27,1,3,1,0,2,0,2,2,5,0,2,5,3,0,98,0,NA,0,1,3,25000,58.75,61.02,67.82,61.57,63.29,63.61,60.43,58.03,62.44,58.91,66.29,66.91,0,1,0,17
474,0,3,2,0,4,6,4,27,33,41,1,2,2,0,2,0,1,0,2,0,2,5,4,0,98,0,NA,0,1,3,37000,65.47,56.7,66.14,61.2,65.58,63.44,70.78,68.38,60.08,63.07,61.6,60.82,0,1,0,28
475,0,3,2,1,6,6,4,17,19,25,1,2,1,0,2,0,3,5,4,0,2,5,4,0,97,0,0,1,1,3,30000,58.06,54.3,53.39,54.11,56.06,57.67,49.54,52.21,52.81,61.05,53.06,54.26,0,0,0,16
476,1,2,2,0,6,6,3,21,19,29,1,2,1,0,2,1,3,2,4,0,2,3.5,3,0,94,0,0,1,1,2,30000,49.22,64.23,54.1,52.56,51.93,60.01,63.68,63.22,44.18,60.75,52.3,51.96,0,0,0,12
477,1,2,2,1,5,6,4,25,19,13,1,2,0,1,2,1,8,6,2,0,4,3.5,2,0,94,0,0,1,1,1,35000,63.34,61.26,43.75,59.99,59.32,64.28,56.04,61.37,61.41,59.62,55.82,62.32,1,1,0,17
478,1,3,2,0,5,1,4,26,21,37,1,2,1,1,1,0,4,3,2,0,2,4,3,0,98,2,0,1,1,2,30000,37.68,46.82,50.29,39.79,41.63,47.24,50.94,44.25,45.96,51.95,48.77,40.87,0,0,0,8
479,0,3,2,0,6,6,4,27,26,33,1,2,1,1,2,0,7,4,5,0,2,4,3,0,98,2,0,1,2,2,40000,61.42,52.54,57.43,53.04,57.39,64.14,51.74,53.33,54.86,55.12,47.46,39.96,0,1,0,14
480,0,3,2,1,5,6,4,7,21,25,1,2,1,0,1,0,3,4,3,0,2,5,2,0,97,0,1,1,1,3,40000,63.34,63.65,68.14,52.82,58.8,62.12,60.91,56.04,61.18,57.29,54.28,61.26,1,1,0,15
481,0,3,2,1,4,1,4,17,10,15,1,1,1,0,1,0,3,3,3,0,1,4,3,0,97,0,0,0,1,4,45000,58.24,57.04,59.94,53.95,62.52,56.54,52.02,55.32,54.61,54.48,54.49,55.9,0,1,1,1
482,0,3,2,0,4,6,4,15,26,43,1,1,0,0,2,0,8,3,5,0,2,5,4,0,93,0,1,0,1,3,75000,40.27,45.58,40.72,41.7,36.1,48.68,47.88,42.12,36.38,47.01,54.59,45.34,0,0,0,27
483,0,1,2,0,3,2,4,19,17,38,1,2,1,2,3,0,2,2,4,0,2,3.5,4,0,95,2,0,0,1,2,NA,54.98,51,56.02,61.04,40.27,53.06,54.37,53.46,31.82,51.18,47.4,61.33,0,1,0,17
484,1,1,2,0,4,NA,4,13,24,41,1,1,1,0,1,0,7,8,2,0,1,4.5,4,0,95,2,1,1,1,3,150000,67.1,67.74,63.61,61.86,57.64,59.26,58.48,60.77,62.64,63.54,64.28,62.35,1,0,0,7
485,1,3,2,0,5,6,4,18,21,33,1,2,1,0,1,1,4,3,4,1,1,4.5,3.5,0.5,95,0,0,1,1,2,27000,44.28,56.39,54.4,59.44,50.23,45.57,59.6,54.27,40.91,50.94,57.99,51.7,0,0,0,20
486,1,3,2,0,4,6,4,14,33,33,1,2,0,0,1,0,5,5,3,0,3,3,3,0,NA,0,0,0,1,2,25000,48.94,49.16,54.29,49.06,60.31,51.64,58.69,50.76,53.75,51.66,55.14,54.17,0,1,0,8
487,0,3,2,0,4,6,4,21,19,31,1,2,5,4,2,NA,8,3,5,0,3,3,3.5,0,NA,0,0,0,1,1,35000,50.69,57.75,59.55,54.76,48.78,52.72,61.26,55.61,51.5,57.55,51.47,54.8,1,1,0,15
488,0,3,2,0,4,6,4,18,21,27,1,2,2,0,1,0,3,4,4,0,3,3,6,0,NA,0,0,0,1,4,40000,70.55,60.98,70.43,71.94,68.8,68.25,71.05,66,64.74,67.41,69.47,65.57,0,0,0,18
489,NA,1,3,1,5,6,4,18,33,35,2,2,1,0,1,0,2,4,0,1,2,4,4,0,95,0,1,NA,1,3,40000,69.15,44.8,45.44,47.64,59.16,56.37,48.81,49.51,61.59,50.66,43.52,53.25,0,0,0,20
490,0,1,3,1,4,6,2,31,25,35,2,2,0,0,3,1,8,6,4,0,2,3.5,4,0,95,13,NA,1,1,4,50000,67.53,58.69,51.22,59.48,64.75,67.84,57.65,64.49,65.49,66.45,60.7,58.99,0,0,0,14
491,1,1,3,1,3,6,4,30,27,41,2,3,0,0,0,0,3,2,3,1,1,4,4,0,94,0,1,0,1,2,25000,41.64,47.61,42.92,39.38,35.69,41.81,35.91,36.21,48.02,43.46,32.59,41.01,0,0,0,16
492,0,1,3,0,4,6,4,23,23,29,2,2,2,1,2,0,2,2,6,0,1,4.5,4,0,95,0,1,0,2,3,50000,38.65,44.4,39.94,42.72,39.23,54.92,55.46,44.98,47.99,51.41,56.24,58.61,0,1,0,19
493,0,1,3,1,4,6,4,15,19,29,2,2,3,1,1,0,3,2,4,0,2,4.5,2,0,93,11,1,0,1,1,25000,48.22,43.27,37.17,36.56,35.85,39.89,40.32,40.41,42.69,43.28,38.95,42.24,1,0,1,24
494,1,2,1,0,5,6,4,30,35,43,3,1,4,5,3,1,2,4,2,0,2,4,6,2,95,3,1,1,1,3,5.00E+05,61.98,74.19,68.04,59.32,64.97,65.78,64.56,67.13,65.13,65.11,60.96,65.02,0,1,0,31
495,0,2,4,0,5,6,4,7,13,19,2,2,1,4,1,1,1,4,1,1,2,4.5,4,1,98,16,1,1,1,4,60000,64.4,69,65.08,72.27,67.09,67.05,68.8,69.9,64.96,65.12,67.33,NA,0,0,0,30
496,0,2,4,1,3,6,4,15,19,34,3,1,3,0,1,0,2,8,4,1,2,4,5,1,95,3,1,0,1,3,NA,70.55,67.21,58.15,68.17,67.86,65.28,61.7,60.81,66.15,66.12,65.08,62.59,0,0,1,32
497,1,2,4,1,5,6,4,32,30,36,3,1,1,0,0,1,2,3,5,1,2,4.75,3.5,0,95,3,1,1,1,2,NA,49.19,50.99,45.23,43.9,54.59,53.49,49.24,47.85,51.87,50.93,56.22,47.65,0,0,1,31
498,0,2,4,0,4,6,4,22,19,25,3,1,0,0,1,1,2,5,4,1,2,4,4,0,98,10,1,1,1,3,NA,59.98,57.11,66.7,58.65,60.47,57.43,55.46,58.04,53.75,50.99,58.69,61.14,1,1,1,24
499,0,1,4,0,5,1,4,19,18,40,3,1,2,5,0,1,1,8,4,1,1,4.5,4,0,95,17,1,1,1,3,60000,57.57,59.29,63.58,60.32,40.89,59.01,64.92,62.69,57.67,63.31,64.45,62.9,0,0,1,30
500,0,1,4,1,6,6,3,30,29,37,3,2,5,3,2,1,3,6,1,0,2,4.5,4,0,NA,12,1,1,1,4,80000,61.17,64.04,53.87,56.2,59.77,58.85,55.07,57.63,64.9,59.76,57.96,58.48,0,0,1,29
